target_time,sv,X_b,Y_b,Z_b,x_p,y_p,z_p,Error_X,Error_Y,Error_Z,3D_Error,R_Error,A_Error,C_Error
2025-01-01 00:05:00,G01,16127773.863263618,2937130.968919266,20905518.36211621,16127774.381,2937129.891,20905520.738,-0.5177363809198141,1.0779192661866546,-2.3758837915956974,2.6598467428991976,-2.0647536864885754,1.6124368922938026,-0.4600262799158451
2025-01-01 00:10:00,G01,16334427.241308888,3700773.2687506434,20621911.067591947,16334427.806,3700772.236,20621913.499,-0.5646911114454269,1.032750643324107,-2.431408055126667,2.701332092351229,-2.0906957294062978,1.661811128922361,-0.4056725428208412
2025-01-01 00:15:00,G01,16550748.72721621,4449852.521859629,20298854.23945687,16550749.341999998,4449851.525,20298856.724,-0.614783788099885,0.9968596287071704,-2.48454312980175,2.746751315518338,-2.1144265474113864,1.7191173916894542,-0.3442071447464876
2025-01-01 00:20:00,G01,16775758.140260998,5182892.493227537,19936965.509533573,16775758.806999998,5182891.527,19936968.045,-0.6667390000075102,0.9662275370210408,-2.535466428846121,2.794051996515896,-2.1352841337407176,1.7804667207578528,-0.2778965341694567
2025-01-01 00:25:00,G01,17008399.647708874,5898484.457240517,19536936.74008004,17008400.367999997,5898483.516,19536939.325,-0.7202911227941513,0.9412405174225568,-2.584919959306717,2.8436884866729306,-2.1531215114604767,1.8460369208111809,-0.2068324276420567
2025-01-01 00:30:00,G01,17247546.3472076,6595292.423167711,19099532.70901383,17247547.124,6595291.5030000005,19099535.34,-0.7767924033105373,0.9201677106320858,-2.6309861689805984,2.893475984849029,-2.1673930728709987,1.912521874209963,-0.1298869633076382
2025-01-01 00:35:00,G01,17492005.173270028,7272058.04961855,18625589.656367924,17492006.008,7272057.149999999,18625592.331,-0.8347299732267857,0.8996185502037406,-2.6746320761740208,2.9427443665688706,-2.178539505674326,1.9776628795875903,-0.0505921326928127
2025-01-01 00:40:00,G01,17740522.106799036,7927605.227250761,18116013.69462942,17740523.001000002,7927604.349,18116016.41,-0.8942009657621384,0.8782507609575987,-2.7153705805540085,2.990678377229948,-2.1867207459542715,2.0399751809112563,0.030179405395609
2025-01-01 00:45:00,G01,17991787.66529113,8560844.310413122,17571779.08586711,17991788.622,8560843.456,17571781.838,-0.9567088708281516,0.8544131219387054,-2.7521328888833523,3.036371038680179,-2.192952246203076,2.097113623976292,0.1123564797492813
2025-01-01 00:50:00,G01,18244442.65013732,9170775.979897523,16993926.38880502,18244443.67,9170775.154,16993929.173,-1.0198626816272736,0.8258975241333246,-2.784194979816675,3.077981204520571,-2.196301624770116,2.147829602137884,0.1924979703640283
2025-01-01 00:55:00,G01,18497084.12632025,9756494.720544502,16383560.47924588,18497085.212,9756493.93,16383563.292,-1.0856797508895395,0.7905445024371147,-2.8127541188150644,3.11692907598749,-2.2002521330953684,2.1912569734991045,0.269314484640262
2025-01-01 01:00:00,G01,18748271.60879154,10317191.899088942,15741848.447490811,18748272.763,10317191.151,15741851.282,-1.1542084589600563,0.7480889409780502,-2.834509188309312,3.150599398361925,-2.2036377039188992,2.225455966921187,0.342933197752056
2025-01-01 01:05:00,G01,18996533.34967617,10852157.65708754,15070017.764174009,18996534.655,10852157.733,15070020.227000002,-1.3053238317370417,-0.0759124588221311,-2.462825993075967,2.78839467781656,-2.361503025426992,1.4822579501961717,0.0368742356547545
2025-01-01 01:10:00,G01,19240373.145300463,11360786.296022382,14369352.343821611,19240374.554,11360786.38,14369354.865,-1.4086995385587215,-0.0839776191860437,-2.52117838896811,2.8892606492768262,-2.419872267298904,1.5740078955483638,0.1206003904165097
2025-01-01 01:15:00,G01,19478276.59663449,11842573.305872634,13641192.564109055,19478278.108,11842573.389,13641195.142,-1.5113655105233192,-0.0831273663789033,-2.577890945598483,2.9894242912037674,-2.468933821128348,1.6722349657909283,0.2113139818231099
2025-01-01 01:20:00,G01,19708718.069275223,12297119.94677129,12886931.02965764,19708719.681,12297120.024,12886933.660999998,-1.611724779009819,-0.0772287100553512,-2.631342358887196,3.0866784164543435,-2.507939022978981,1.773259282272863,0.305576539442187
2025-01-01 01:25:00,G01,19930167.453760445,12724133.363973128,12108010.345456732,19930169.164,12724133.433999998,12108013.025,-1.7102395556867125,-0.070026870816946,-2.6795432679355145,3.1795872727777788,-2.537902722628985,1.872959943476143,0.4010561629206838
2025-01-01 01:30:00,G01,20141097.009395048,13123427.059176844,11305920.365686633,20141098.815,13123427.121,11305923.085,-1.8056049533188343,-0.0618231557309627,-2.719313368201256,3.264765924918984,-2.556820168231945,1.968370323829155,0.4968756787197134
2025-01-01 01:35:00,G01,20339988.215940632,13494920.910134656,10482195.351358654,20339990.116,13494920.966,10482198.1,-1.9000593684613705,-0.0558653436601161,-2.7486413456499577,3.34191199574682,-2.567763301137232,2.0554687866352443,0.5916210643795227
2025-01-01 01:40:00,G01,20525338.603541218,13838640.738726474,9638411.042131752,20525340.596,13838640.793,9638413.808,-1.9924587830901144,-0.0542735252529382,-2.765868248417973,3.4092322868151754,-2.5712658165633995,2.132076933047671,0.6824257011584587
2025-01-01 01:45:00,G01,20695668.53133257,14154717.42961353,8776181.647842702,20695670.614,14154717.487,8776184.417000001,-2.0826674290001392,-0.0573864690959453,-2.769157299771905,3.465404590741661,-2.5679523927253274,2.196409908330664,0.768396382615463
2025-01-01 01:50:00,G01,20849527.88538294,14443385.603519086,7897156.765453672,20849530.056,14443385.671,7897159.523,-2.170617062598467,-0.0674809142947197,-2.757546328008175,3.510013369967274,-2.560087936608091,2.2469294099865467,0.8470252893038388
2025-01-01 01:55:00,G01,20985502.6669398,14704981.851102524,7003018.227278239,20985504.924,14704981.935,7003020.957,-2.2570601999759674,-0.0838974770158529,-2.7297217613086104,3.5429846778001965,-2.54910406506342,2.282716389405585,0.9187027692040765
2025-01-01 02:00:00,G01,21102221.442412373,14939942.535284184,6095476.886492091,21102223.784,14939942.644,6095479.573,-2.3415876291692257,-0.1087158154696226,-2.686507908627391,3.565413930629808,-2.537711760427695,2.304402422539981,0.9807777488850048
2025-01-01 02:05:00,G01,21198361.627097603,15148801.171738802,5176269.346068866,21198364.052,15148801.312,5176271.971,-2.4249023981392384,-0.1402611993253231,-2.624931134283542,3.576323294148432,-2.526573392460968,2.3098948018482885,1.034843563622648
2025-01-01 02:10:00,G01,21272655.575355627,15332185.399098027,4247154.637403522,21272658.083,15332185.579000002,4247157.185,-2.50764437392354,-0.1799019742757082,-2.5475964779034257,3.57923076102179,-2.519307038017648,2.301880383598119,1.079505251698917
2025-01-01 02:15:00,G01,21323896.45076235,15490813.552169984,3309910.8549949653,21323899.041,15490813.779,3309913.308,-2.5902376510202885,-0.2268300149589777,-2.45300503494218,3.57463517661608,-2.517232632455505,2.2796857658875287,1.1156116388833497
2025-01-01 02:20:00,G01,21350943.85069841,15625490.85320337,2366331.753655961,21350946.522,15625491.134,2366334.098,-2.6713015884160995,-0.280796630308032,-2.3443440394476056,3.565199559514199,-2.521126970215076,2.247225802826695,1.1421658768866756
2025-01-01 02:25:00,G01,21352729.160881784,15737105.237871816,1418223.3148020057,21352731.913,15737105.577,1418225.5359999998,-2.752118214964866,-0.3391281832009554,-2.221197994193062,3.552869702534821,-2.531778367106569,2.205048314868481,1.1622148476666143
2025-01-01 02:30:00,G01,21328260.61650419,15826622.83423435,467400.2884399903,21328263.45,15826623.237,467402.374,-2.8334958106279373,-0.4027656503021717,-2.0855600096983835,3.541253906734524,-2.5517693617834363,2.155707603506726,1.175532681131907
2025-01-01 02:35:00,G01,21276628.04788576,15895083.114431562,-484317.2824666094,21276630.964,15895083.584,-484315.342,-2.916114240884781,-0.4695684388279915,-1.940466609376017,3.534066700946324,-2.5813947870059466,2.1032063001734653,1.1842937385914023
2025-01-01 02:40:00,G01,21197007.28991541,15943593.740290863,-1435107.5485374955,21197010.29,15943594.278,-1435105.762,-3.000084590166807,-0.5377091374248266,-1.7865374954417348,3.532896104790759,-2.6203009803300668,2.048999783460684,1.1903686601658658
2025-01-01 02:45:00,G01,21088664.23598775,15973325.125339832,-2383150.344674533,21088667.322,15973325.731,-2383148.716,-3.086012251675129,-0.605660168454051,-1.628674532752484,3.5415923806640017,-2.6681720567575997,1.9987406235159872,1.195311836393398
2025-01-01 02:50:00,G01,20950958.518672816,15985504.73695579,-3326630.6781609445,20950961.693,15985505.409,-3326629.211,-3.174327183514833,-0.6720442101359367,-1.4671609443612397,3.5609770744891653,-2.7244626093118387,1.9534126110803087,1.200849860045604
2025-01-01 02:55:00,G01,20783346.800961632,15981411.163502889,-4263742.207403448,20783350.068,15981411.898,-4263740.901000001,-3.267038367688656,-0.7344971112906933,-1.3064034478738904,3.594400599691264,-2.788514216325015,1.9183043627282932,1.209963845886233
2025-01-01 03:00:00,G01,20585385.663606465,15962367.972324692,-5192690.70457535,20585389.027000003,15962368.763,-5192689.554,-3.363393537700176,-0.7906753085553646,-1.1505753500387073,3.6416215027263776,-2.8568755988452,1.897868509279765,1.2238317299883177
2025-01-01 03:05:00,G01,20356733.887409706,15929737.581890091,-6111697.931274955,20356737.542,15929738.225,-6111696.495,-3.654590293765068,-0.6431099083274603,-1.4362749550491571,3.979008207577896,-2.8561043005994766,2.35515354752548,1.45891271419766
2025-01-01 03:10:00,G01,20097155.2674658,15884914.043878566,-7019003.347369229,20097159.013,15884914.679,-7019002.009,-3.7455342002213,-0.6351214330643415,-1.3383692298084495,4.027857727758414,-2.860174983672612,2.4040838474933954,1.5044659491187935
2025-01-01 03:15:00,G01,19806519.042624906,15829317.461240675,-7912869.95385957,19806522.881,15829318.09,-7912868.720000001,-3.8383750952780247,-0.6287593245506287,-1.2338595697656274,4.0805478919089,-2.8694226721538687,2.4543057816371325,1.5471482659764924
2025-01-01 03:20:00,G01,19484801.852961022,15764386.664774103,-8791586.045669757,19484805.786,15764387.289,-8791584.924999999,-3.933038976043463,-0.6242258977144957,-1.1206697579473257,4.1369498745854045,-2.8848208624731857,2.5046361079871757,1.587123442848262
2025-01-01 03:25:00,G01,19132088.252360545,15691572.57936744,-9653468.870502604,19132092.283000004,15691573.2,-9653467.87,-4.030639458447695,-0.6206325590610504,-1.0005026049911976,4.199076646115949,-2.90639864957342,2.5578611385930548,1.625557739789519
2025-01-01 03:30:00,G01,18748570.969096936,15612331.412700783,-10496867.856025511,18748575.098,15612332.032,-10496866.982,-4.128903064876795,-0.619299216195941,-0.8740255106240511,4.265594053769244,-2.9331690837162894,2.614621703833965,1.659989489039869
2025-01-01 03:35:00,G01,18334550.712370675,15528117.834478768,-11320167.775387412,18334554.941,15528118.454,-11320167.035,-4.228629324585199,-0.6195212323218584,-0.740387411788106,4.337428505644072,-2.9657090320068127,2.6751371483928867,1.6915960558996794
2025-01-01 03:40:00,G01,17890435.52534869,15440378.175884768,-12121791.84495404,17890439.855,15440378.797,-12121791.243,-4.329651311039925,-0.6211152318865061,-0.6019540391862392,4.415202517638777,-3.0027913978282177,2.742124654859545,1.7198864701206529
2025-01-01 03:45:00,G01,17416739.687190745,15350543.678851802,-12900204.748286562,17416744.117999997,15350544.303,-12900204.29,-4.430809251964092,-0.6241481974720955,-0.4582865629345178,4.497961557579678,-3.0437261388233225,2.815217421041337,1.744115889949298
2025-01-01 03:50:00,G01,16914082.168492224,15260023.8245236,-13653915.580537738,16914086.702,15260024.452,-13653915.269,-4.533507775515318,-0.6274763997644186,-0.3115377388894558,4.587316769710974,-3.087523244436917,2.8973607675895927,1.7652127189565288
2025-01-01 03:55:00,G01,16383184.646495191,15170199.769930054,-14381480.707600612,16383189.281,15170200.4,-14381480.546999998,-4.634504808112979,-0.6300699468702078,-0.1606006138026714,4.679894818425425,-3.131787712548926,2.986088396920212,1.7823011307944534
2025-01-01 04:00:00,G01,15824869.088312969,15082417.921426056,-15081506.53451661,15824873.823,15082418.555,-15081506.528,-4.734687032178044,-0.6335739437490702,-0.0065166093409061,4.776894357327781,-3.177255448845582,3.0831123200054744,1.7939303041315486
2025-01-01 04:05:00,G01,15240054.912271652,14997983.672843993,-15752652.177831553,15240059.746,14997984.307999998,-15752652.326,-4.833728346973658,-0.6351560056209564,0.148168446496129,4.877530806909387,-3.220323247818353,3.189984615776142,1.8010616599723428
2025-01-01 04:10:00,G01,14629755.739284504,14918155.335590364,-16393632.036780214,14629760.67,14918155.972,-16393632.342,-4.930715495720506,-0.6364096347242594,0.3052197862416506,4.980976976540002,-3.2620149882325262,3.3048472922322776,1.8020472336742208
2025-01-01 04:15:00,G01,13995075.747936478,14844138.287079718,-17003218.258380964,13995080.772,14844138.922,-17003218.720000003,-5.0240635219961405,-0.6349202822893858,0.4616190381348133,5.085020174422438,-3.297931861700553,3.428267841195859,1.796678941515656
2025-01-01 04:20:00,G01,13337205.648657013,14777079.362947913,-17580243.091731906,13337210.762999998,14777079.995,-17580243.711,-5.114342985674739,-0.6320520862936974,0.6192680932581425,5.190326288995346,-3.330033763786557,3.5590152886151127,1.7843128351501638
2025-01-01 04:25:00,G01,12657418.293993397,14718061.517425656,-18123601.127018027,12657423.494,14718062.144,-18123601.903,-5.200006604194641,-0.6265743430703878,0.7759819738566875,5.294791035991174,-3.355153746282204,3.696724563698,1.764081334228334
2025-01-01 04:30:00,G01,11957063.943557529,14668098.775087737,-18632251.414964568,11957069.224,14668099.393,-18632252.348,-5.280442470684648,-0.6179122626781464,0.9330354332923888,5.39772575909126,-3.3733499081130884,3.839380994470414,1.7364064463973052
2025-01-01 04:35:00,G01,11237565.203698209,14628131.495927356,-19105219.46270467,11237570.56,14628132.103,-19105220.552,-5.3563017919659615,-0.6070726439356804,1.089295331388712,5.499551836342492,-3.384544843281707,3.987498129021684,1.6999368445568332
2025-01-01 04:40:00,G01,10500411.66334438,14599021.9743455,-19541599.10226907,10500417.089,14599022.568,-19541600.347,-5.42565562017262,-0.5936545003205538,1.244730930775404,5.598171099965647,-3.3875470626306385,4.138576998989183,1.654153858137387
2025-01-01 04:45:00,G01,9747154.248764943,14581550.391196722,-19940554.228151,9747159.737,14581550.969,-19940555.629,-5.488235056400299,-0.5778032783418894,1.400848999619484,5.693589253054591,-3.383474659293472,4.290734369529335,1.5995800644410891
2025-01-01 04:50:00,G01,8979399.321193071,14576411.136502763,-20301320.40065106,8979404.864,14576411.696,-20301321.958,-5.54280692897737,-0.5594972372055054,1.5573489405214789,5.78455543087829,-3.371791176763537,4.442165319526752,1.5359925348766723
2025-01-01 04:55:00,G01,8198802.542362602,14584209.518839523,-20623206.311963063,8198808.133,14584210.058999998,-20623208.026,-5.590637397952378,-0.5401604752987623,1.71403693780303,5.872386438119677,-3.353756478213481,4.5932177663664175,1.462733917767995
2025-01-01 05:00:00,G01,7407062.533995382,14605458.87572913,-20905595.112223025,7407068.163,14605459.396,-20905596.985,-5.629004618152976,-0.5202708691358566,1.872776973992586,5.955137980162654,-3.3304827782871547,4.739846500814786,1.380365160029129
2025-01-01 05:05:00,G01,6605914.503077632,14640578.018040633,-21147945.51041532,6605920.018,14640578.598,-21147947.627,-5.514922368340194,-0.5799593664705753,2.1165846809744835,5.935541450222702,-3.37714809896484,4.717592019281597,1.252935977845863
2025-01-01 05:10:00,G01,5797122.946779645,14689889.47600232,-21349793.115317296,5797128.528,14689890.058,-21349795.424,-5.581220354884863,-0.5819976795464754,2.3086827024817467,6.067846221643807,-3.39640518166996,4.892128414351971,1.1620108385606946
2025-01-01 05:15:00,G01,4982475.85688022,14753617.469698248,-21510750.920660995,4982481.499000001,14753618.053,-21510753.422,-5.642119781114161,-0.5833017509430647,2.501339003443718,6.199230062454673,-3.408802912693964,5.067998710988501,1.0610867707543077
2025-01-01 05:20:00,G01,4163777.128193141,14831886.980723972,-21630510.28713588,4163782.825,14831887.564,-21630512.98,-5.696806859225035,-0.5832760278135538,2.6928641200065613,6.32813846915142,-3.412436839253732,5.243850990539879,0.9500726771526572
2025-01-01 05:25:00,G01,3342839.788644322,14924722.964048846,-21708841.48462839,3342845.531,14924723.547,-21708844.368,-5.742355677764863,-0.5829511545598507,2.8833716101944447,6.452000668090195,-3.407609454536543,5.415663982876992,0.8289113649591284
2025-01-01 05:30:00,G01,2521479.01033032,15032050.06489354,-21745594.134802856,2521484.788,15032050.649,-21745597.208,-5.777669680304825,-0.5841064602136612,3.0731971450150013,6.57017412126234,-3.39580624610804,5.581142150426816,0.6975243503477999
2025-01-01 05:35:00,G01,1701505.1147951994,15153692.7858684,-21740697.501815323,1701510.916,15153693.371,-21740700.764,-5.801204800605774,-0.585131598636508,3.262184675782919,6.6811829031397805,-3.376337885276113,5.73815313144218,0.558700375672696
2025-01-01 05:40:00,G01,884716.6022349193,15289376.103752222,-21694160.630589608,884722.4149999999,15289376.693,-21694164.08,-5.812765080598183,-0.5892477780580521,3.449410390108824,6.784827401309385,-3.350892431834342,5.885276937097383,0.4109965322282349
2025-01-01 05:45:00,G01,72893.23423725367,15438726.533346511,-21606072.33236934,72899.045,15438727.129,-21606075.967,-5.81076274633233,-0.5956534892320633,3.634630661457777,6.879702523990916,-3.319486177332223,6.020401071471806,0.2570783455065837
2025-01-01 05:50:00,G01,-732210.8005648735,15601273.633907383,-21476601.017545264,-732205.006,15601274.24,-21476604.836,-5.794564873445779,-0.6060926169157028,3.81845473498106,6.965983555532607,-3.284491942530813,6.142264023696047,0.0981439687913385
2025-01-01 05:55:00,G01,-1528873.608903023,15776451.951742098,-21305994.37604273,-1528867.844,15776452.573,-21305998.376,-5.764903022907674,-0.6212579030543566,3.9999572671949855,7.044127084672985,-3.24646413378028,6.251078762715758,-0.0648946486683557
2025-01-01 06:00:00,G01,-2315412.174799023,15963603.39066975,-21094578.90583985,-2315406.455,15963604.033,-21094583.085,-5.719799023121595,-0.6423302497714758,4.17916015163064,7.112950765164319,-3.2072006259329715,6.344681637345629,-0.2301035710197227
2025-01-01 06:05:00,G01,-3090188.77306171,16161980.000192871,-20842759.290472142,-3090183.113,16161980.67,-20842763.646,-5.660061710048467,-0.6698071286082268,4.355527859181166,7.173253312353777,-3.16758905293525,6.423788081120213,-0.3960926202002461
2025-01-01 06:10:00,G01,-3851617.187129288,16370747.169416742,-20551017.62666391,-3851611.6,16370747.873,-20551022.156,-5.587129287887365,-0.7035832572728395,4.529336091130972,7.226750895520408,-3.1286185422032413,6.490218388971771,-0.5610167437249634
2025-01-01 06:15:00,G01,-4598168.704867066,16588987.212994276,-20219912.503509466,-4598163.205,16588987.96,-20219917.203,-5.499867065809667,-0.7470057252794504,4.699490536004305,7.272672589438641,-3.09264691708487,6.54225563091825,-0.7253915488451983
2025-01-01 06:20:00,G01,-5328377.866881395,16815703.33367321,-19850077.934909232,-5328372.466,16815704.132,-19850082.801,-5.400881394743919,-0.7983267903327942,4.866090767085552,7.313390790718717,-3.059229225859393,6.583307771986671,-0.8870513968857505
2025-01-01 06:25:00,G01,-6040847.942969657,17049823.944386724,-19442222.14724489,-6040842.652000001,17049824.804,-19442227.177,-5.29096965584904,-0.8596132770180702,5.029755111783743,7.35062795750511,-3.0307969690392915,6.614534634548862,-1.045912362710916
2025-01-01 06:30:00,G01,-6734256.113488735,17290207.33126621,-18997126.22455471,-6734250.942,17290208.261,-18997131.413,-5.171488734893501,-0.9297337904572488,5.188445288687944,7.384352725185635,-3.0055877732097533,6.637164431549143,-1.2013141204811948
2025-01-01 06:35:00,G01,-7407358.333689951,17535646.637470983,-18515642.613744043,-7407353.291,17535647.648,-18515647.956,-5.042689951136708,-1.0105290152132511,5.342255957424641,7.415496581384288,-2.985539230936453,6.6516743218746734,-1.3532825886615627
2025-01-01 06:40:00,G01,-8058993.860427415,17784875.146332085,-17998693.492636316,-8058988.953,17784876.246,-17998698.985,-4.907427415251732,-1.09966791421175,5.492363683879376,7.447024385182859,-2.9697623443968317,6.662436514843977,-1.5002078179320435
2025-01-01 06:45:00,G01,-8688089.422093455,18036571.84100221,-17447269.003936213,-8688084.655000001,18036573.041,-17447274.64,-4.767093453556299,-1.199997790157795,5.636063788086176,7.478662294468124,-2.9583375158902565,6.668745102267364,-1.6451345287728083
2025-01-01 06:50:00,G01,-9293663.014167696,18289367.21659529,-16862425.358438384,-9293658.391,18289368.526,-16862431.134,-4.623167695477605,-1.3094047121703625,5.775561615824699,7.513010862427211,-2.951213033551093,6.674279785091317,-1.785962821524798
2025-01-01 06:55:00,G01,-9874827.304374604,18541849.31969444,-16245282.811071848,-9874822.825,18541850.747,-16245288.72,-4.4793746042996645,-1.4273055605590343,5.9089281521737576,7.550988671452176,-2.9456268003499404,6.680953838666476,-1.9249853181432184
2025-01-01 07:00:00,G01,-10430792.63312038,18792569.98911089,-15597023.51362118,-10430788.298,18792571.543,-15597029.551,-4.335120379924774,-1.5538891106843948,6.0373788215219975,7.593272226866689,-2.942746129990242,6.689505488677719,-2.0611998065891424
2025-01-01 07:05:00,G01,-10960869.887533069,19040051.324580915,-14918889.146602584,-10960865.404,19040052.959,-14918895.407,-4.483533069491386,-1.634419083595276,6.260397415608168,7.871846691050119,-2.83827972473693,6.960714710051296,-2.336362398434681
2025-01-01 07:10:00,G01,-11464471.495863196,19282792.0614534,-14212178.971014643,-11464467.147,19282793.809,-14212185.321,-4.348863195627928,-1.7475466020405293,6.349985357373953,7.892328190049763,-2.789803643428433,6.9576948248279775,-2.469073230005458
2025-01-01 07:15:00,G01,-11941114.870381627,19519274.48322729,-13478246.64748984,-11941110.662,19519276.354,-13478253.079,-4.208381626754999,-1.8707727082073689,6.431510159745812,7.910410190192174,-2.7469166676258867,6.94946101873321,-2.5950009147055924
2025-01-01 07:20:00,G01,-12390422.54965011,19747971.068624686,-12718498.123644518,-12390418.486,19747973.075000003,-12718504.63,-4.063650110736489,-2.006375316530466,6.506355483084917,7.929152275340698,-2.71201909256624,6.938368245417294,-2.7157787719329614
2025-01-01 07:25:00,G01,-12812123.299815444,19967351.341940485,-11934388.809059331,-12812119.385,19967353.494,-11934395.383,-3.9148154444992542,-2.1520595140755177,6.573940668255091,7.948197029915089,-2.683653994153783,6.9256057211023645,-2.8298096511687265
2025-01-01 07:30:00,G01,-13206052.486772977,20175888.73167087,-11127420.781890718,-13206048.722,20175891.041,-11127427.417,-3.764772977679968,-2.309329129755497,6.635109281167388,7.970645631066544,-2.6624282967588817,6.913802960827338,-2.939727191341556
2025-01-01 07:35:00,G01,-13572151.994606089,20372067.42955084,-10299139.905473756,-13572148.38,20372069.906,-10299146.594,-3.614606088027358,-2.4764491580426693,6.688526244834065,7.995909012226738,-2.646285752977353,6.903425694023362,-3.045397565589083
2025-01-01 07:40:00,G01,-13910469.691005586,20554389.220232178,-9451132.860490842,-13910466.226,20554391.874,-9451139.596,-3.465005585923791,-2.6537678241729736,6.735509159043431,8.02594735882667,-2.6359640101988626,6.896567553283332,-3.1472020473100635
2025-01-01 07:45:00,G01,-14221158.44233033,20721380.25195013,-8585024.09845423,-14221155.124000002,20721383.092,-8585030.872,-3.318330328911543,-2.840049870312214,6.773545769974589,8.059660150128867,-2.628614676318227,6.892612668145072,-3.246597792450703
2025-01-01 07:50:00,G01,-14504474.68291952,20871597.7187713,-7702472.72241208,-14504471.509,20871600.752,-7702479.526000001,-3.1739195212721825,-3.033228699117899,6.803587920963764,8.097101337327398,-2.62356353787544,6.893012917985588,-3.3416069999572717
2025-01-01 07:55:00,G01,-14760776.545192065,21003636.425392,-6805169.300937632,-14760773.510000002,21003639.659,-6805176.125,-3.0351920630782843,-3.23360800370574,6.824062367901206,8.138577196439721,-2.6189432107345074,6.897559369502027,-3.435294745076624
2025-01-01 08:00:00,G01,-14990521.558969218,21116135.20595644,-5894832.621598302,-14990518.658000002,21116138.645,-5894839.457,-2.9009692166000605,-3.4390435591340065,6.83540169801563,8.183236485066114,-2.614069929794632,6.90680222558311,-3.525348321703956
2025-01-01 08:05:00,G01,-15194263.930319976,21207783.16899044,-4973206.390225803,-15194261.157000002,21207786.818,-4973213.227,-2.773319974541664,-3.649009559303522,6.836774197407067,8.230920718328619,-2.6074093828448057,6.920588885569069,-3.6131595119233326
2025-01-01 08:10:00,G01,-15372651.41204557,21277325.741295543,-4042055.882419311,-15372648.76,21277329.603,-4042062.71,-2.6520455703139305,-3.861704457551241,6.827580688986927,8.280215280360775,-2.597810913052329,6.938423669058575,-3.697515454706586
2025-01-01 08:15:00,G01,-15526421.779687628,21323570.484513983,-3103164.553810883,-15526419.242,21323574.561,-3103171.361,-2.537687627598644,-4.076486017554998,6.807189117185772,8.330391372782017,-2.584707945917173,6.959730974602688,-3.778471915892664
2025-01-01 08:20:00,G01,-15656398.928647565,21345392.65905786,-2158330.6157053174,-15656396.498,21345396.951,-2158337.391,-2.4306475650519133,-4.2919421419501305,6.7752946824766695,8.380538942677667,-2.567118868487454,6.98416986452983,-3.85547727112818
2025-01-01 08:25:00,G01,-15763488.609641718,21341740.51118903,-1209363.5827755614,-15763486.279,21341745.017,-1209370.314,-2.330641718581319,-4.505810972303152,6.73122443864122,8.428736903111876,-2.5438259379240487,7.010811923459713,-3.926967220807927
2025-01-01 08:30:00,G01,-15848673.821280267,21311640.260232423,-258080.7995487299,-15848671.584,21311644.978,-258087.474,-2.2372802663594484,-4.7177675776183605,6.6744512700825,8.474140290517635,-2.5153643889823067,7.03877864940306,-3.992441706364866
2025-01-01 08:35:00,G01,-15913009.880034452,21254200.76420635,693696.0475424664,-15913007.729,21254205.691,693689.443,-2.151034452021122,-4.926793649792671,6.60454246646259,8.51588081602408,-2.481308889548973,7.067328116392366,-4.051691691457056
2025-01-01 08:40:00,G01,-15957619.189248234,21168617.843544915,1644144.4257437086,-15957617.118,21168622.976,1644137.904,-2.071248233318329,-5.132455084472895,6.52174370852299,8.553672044088152,-2.442431897013769,7.096308454042153,-4.103929603606131
2025-01-01 08:45:00,G01,-15983685.730145616,21054178.244069405,2591444.452389251,-15983683.734,21054183.577,2591438.028,-1.9961456172168253,-5.3329305946826935,6.424389251042157,8.58472616346862,-2.39926893924785,7.123516500480902,-4.146871655390298
2025-01-01 08:50:00,G01,-15992449.29897736,20910263.221929304,3533782.385334272,-15992447.373000002,20910268.75,3533776.073,-1.9259773585945368,-5.528070695698261,6.31233427207917,8.608978938580458,-2.352548477975791,7.148507588013098,-4.18077424501908
2025-01-01 08:55:00,G01,-15985199.515541906,20736351.73486901,4469354.100625372,-15985197.655,20736357.452,4469347.914,-1.8605419062078,-5.7171309888362885,6.186625371687114,8.626791780138795,-2.302649211429435,7.171910068007151,-4.205121758450207
2025-01-01 09:00:00,G01,-15963269.629290313,20532023.22588322,5396368.550659241,-15963267.832,20532029.127,5396362.505,-1.7972903121262789,-5.901116780936718,6.045659241266549,8.637327560642095,-2.2531411457744497,7.19219191813271,-4.218904808097979
2025-01-01 09:05:00,G01,-15928030.01797705,20296960.06651962,6313050.973434665,-15928028.413,20296966.065,6313045.306,-1.604977048933506,-5.998480379581451,5.667434665374458,8.406993153209715,-2.2742550333760345,6.979647705057438,-4.097537777076039
2025-01-01 09:10:00,G01,-15880882.20074597,20030949.131541274,7217647.212508662,-15880880.653,20030955.342,7217641.686,-1.54774596914649,-6.210458725690842,5.526508661918342,8.45621742617686,-2.256368528590897,7.035360923353943,-4.113406240587729
2025-01-01 09:15:00,G01,-15823251.410672646,19733883.89332294,8108425.655722813,-15823249.914,19733890.311,8108420.280999999,-1.4966726452112198,-6.41767705976963,5.374722814187408,8.50377875886735,-2.235624165341111,7.094067476945074,-4.121946676469326
2025-01-01 09:20:00,G01,-15756580.39087542,19405765.03425871,8983681.517961022,-15756578.94,19405771.654,8983676.305000002,-1.4508754201233387,-6.619741290807724,5.212961019948125,8.549910925702173,-2.212482227317432,7.156336364148844,-4.122226227950956
2025-01-01 09:25:00,G01,-15682322.4793244,19046701.164525032,9841739.856649268,-15682321.07,19046707.978,9841734.818,-1.409324400126934,-6.813474968075752,5.038649268448353,8.590554281059118,-2.186673286013793,7.21843853878616,-4.11220474415167
2025-01-01 09:30:00,G01,-15601934.790681344,18656908.96931554,10680958.774855694,-15601933.418,18656915.969,10680953.924,-1.3726813439279797,-6.99968446046114,4.850855693221092,8.626160071227787,-2.159569923643211,7.279490338291398,-4.093399044078454
2025-01-01 09:35:00,G01,-15516871.396514803,18236712.90261004,11499732.55977361,-15516870.058,18236720.078,11499727.91,-1.3385148029774427,-7.175389960408211,4.649773610755801,8.654376788249847,-2.131340840386667,7.338314095511965,-4.062606312542232
2025-01-01 09:40:00,G01,-15428576.533546424,17786544.428634938,12296494.750607712,-15428575.225,17786551.77,12296490.316,-1.3085464239120483,-7.341365061700344,4.434607712551951,8.676040587555637,-2.102847380370354,7.394054615946128,-4.022395990972051
2025-01-01 09:45:00,G01,-15338477.869437816,17306940.814120304,13069721.130036008,-15338476.588,17306948.309,13069716.926,-1.2814378160983324,-7.494879696518183,4.204036006703973,8.688453446239487,-2.0747543337956755,7.44404182199909,-3.9712540958991
2025-01-01 09:50:00,G01,-15247979.855361637,16798543.47638305,13817932.633583289,-15247978.6,16798551.113,13817928.675,-1.2553616371005774,-7.636616952717304,3.958583287894726,8.692769004732185,-2.049528515736088,7.488956632159443,-3.908861009866209
2025-01-01 09:55:00,G01,-15158457.19420028,16262095.894174209,14539698.171414869,-15158455.963,16262103.659,14539694.471,-1.2312002796679735,-7.764825791120529,3.7004148680716753,8.689156684681832,-2.025550825882007,7.52915257834127,-3.835420341341575
2025-01-01 10:00:00,G01,-15071248.452699536,15698441.090096084,15233637.35724298,-15071247.244,15698448.97,15233633.93,-1.2086995355784893,-7.879903916269541,3.4272429794073105,8.67754773751458,-2.005580708898556,7.56273388117433,-3.752670648948053
2025-01-01 10:05:00,G01,-14987649.84525847,15108518.695231328,15898423.139229491,-14987648.658,15108526.676,15898419.997,-1.1872584708034992,-7.980768673121929,3.1422294918447733,8.65886005602343,-1.9886520530254004,7.591222885966409,-3.659843654772122
2025-01-01 10:10:00,G01,-14908909.21628067,14493361.608405665,16532784.32797001,-14908908.05,14493369.676,16532781.483,-1.1662806700915098,-8.067594336345792,2.8449700102210045,8.633663378677946,-1.9764584268465408,7.614136305179624,-3.5579044041988546
2025-01-01 10:15:00,G01,-14836220.247132432,13854092.264238566,17135508.01685226,-14836219.101,13854100.404,17135505.48,-1.146132431924343,-8.139761433005333,2.5368522591888905,8.602613272878283,-1.9685846220156749,7.631698259389292,-3.447725538133722
2025-01-01 10:20:00,G01,-14770716.912771083,13191918.525797969,17705441.890297864,-14770715.788,13191926.723,17705439.669999998,-1.1247710827738049,-8.197202030569315,2.2202978655695915,8.56673530176267,-1.9654599577395977,7.645264507045655,-3.3280401894053115
2025-01-01 10:25:00,G01,-14713468.212010289,12508129.219275204,18241496.415619124,-14713467.108,12508137.46,18241494.519,-1.1040102895349264,-8.240724796429276,1.8966191224753857,8.527927531682163,-1.966324455375792,7.65570459513177,-3.2014533065300266
2025-01-01 10:30:00,G01,-14665473.194198009,11804089.32961211,18742646.91445129,-14665472.111,11804097.6,18742645.347000003,-1.0831980090588331,-8.270387889817357,1.567451287060976,8.48702169858047,-1.971039342414148,7.663662843227298,-3.0680308095207662
2025-01-01 10:35:00,G01,-14627656.303789243,11081234.877453566,19207935.50995515,-14627655.243,11081243.165,19207934.276,-1.060789242386818,-8.287546433508396,1.2339551486074924,8.445788596282544,-1.980705408591488,7.6705261393544415,-2.927657740063365
2025-01-01 10:40:00,G01,-14600863.062917532,10341067.49914399,19636472.94622492,-14600862.024,10341075.792,19636472.048,-1.0389175321906805,-8.292856009677052,0.8982249200344086,8.405808613268613,-1.9932029400695328,7.677411777934265,-2.782464532502654
2025-01-01 10:45:00,G01,-14585856.110600537,9585148.75274534,20027440.276580136,-14585855.095,9585157.04,20027439.714,-1.01560053601861,-8.287254659458995,0.5625801347196102,8.368185624582383,-2.008408877717148,7.685765024030496,-2.6309390762166536
2025-01-01 10:50:00,G01,-14583311.61567424,8815094.174206253,20380090.41766953,-14583310.625,8815102.445,20380090.19,-0.990674240514636,-8.270793747156858,0.2276695296168327,8.333024545358317,-2.025958863605315,7.695224499324153,-2.4735215102207166
2025-01-01 10:55:00,G01,-14593816.078932451,8032567.108869306,20693749.566566657,-14593815.113,8032575.356000001,20693749.671,-0.9659324511885644,-8.247130694799125,-0.1044333428144455,8.304161397784153,-2.0443771021821764,7.70930162373774,-2.312203982947073
2025-01-01 11:00:00,G01,-14617863.538270514,7239272.344444436,20967818.47829306,-14617862.599,7239280.561,20967818.911,-0.9392705149948596,-8.216555563732982,-0.4327069371938705,8.281379699406726,-2.0637386795581723,7.727889332638517,-2.145217669779248
2025-01-01 11:05:00,G01,-14655853.263337629,6436949.312001263,21201773.7588426,-14655852.276,6436957.752,21201774.358,-0.987337628379464,-8.43999873753637,-0.5991574004292488,8.5186503551043,-1.9785125514476207,8.046576428751484,-1.97623372416926
2025-01-01 11:10:00,G01,-14708087.515706811,5627366.459320862,21395168.23501813,-14708086.544,5627374.844,21395169.146,-0.9717068113386632,-8.384679137729108,-0.9109818711876868,8.48981427002407,-1.971788822670625,8.06044283455901,-1.7939499683942843
2025-01-01 11:15:00,G01,-14774770.431771478,4812312.854297811,21547632.71263732,-14774769.483,4812321.175,21547633.938,-0.9487714786082506,-8.320702188648283,-1.2253626808524132,8.463791463075083,-1.9734872508945915,8.071995488065594,-1.6074833876677588
2025-01-01 11:20:00,G01,-14856006.693276972,3993592.371569837,21658876.08776061,-14856005.775,3993600.62,21658877.631,-0.918276971206069,-8.24843016313389,-1.5432393923401833,8.441647977380653,-1.9846298825506108,8.081519346133609,-1.418347581296709
2025-01-01 11:25:00,G01,-14951800.94882898,3173016.4813889246,21728686.03753024,-14951800.068,3173024.649,21728687.901,-0.8808289803564548,-8.167611075565219,-1.863469760864973,8.423671997649812,-2.0039338296536857,8.08922556560638,-1.2275703153380575
2025-01-01 11:30:00,G01,-15062057.626470927,2352397.2785903057,21756929.42103872,-15062056.792,2352405.359,21756931.607,-0.8344709277153015,-8.080409694463015,-2.185961280018091,8.412359316940298,-2.0326333149911497,8.097292202823114,-1.0344322434071471
2025-01-01 11:35:00,G01,-15186581.194948038,1533540.512697131,21743552.530026425,-15186580.415,1533548.5,21743555.039,-0.7799480389803648,-7.987302869092673,-2.508973576128483,8.40834552524076,-2.068720901405664,8.106549641668387,-0.8393576181162703
2025-01-01 11:40:00,G01,-15325076.872587848,718238.6486281157,21688581.188967187,-15325076.155,718246.536,21688584.021,-0.7175878491252661,-7.887371884309687,-2.8320328146219254,8.411062800009672,-2.1113501718437693,8.116299552853112,-0.6433190856162948
2025-01-01 11:45:00,G01,-15477151.780806296,-91736.01265843678,21592120.704370115,-15477151.133,-91728.23,21592123.858,-0.6478062961250544,-7.782658436786733,-3.153629884123802,8.422280379269363,-2.158877779187549,8.128650457328723,-0.4462009234923849
2025-01-01 11:50:00,G01,-15642316.537340827,-894638.1245095804,21454355.663397487,-15642315.968,-894630.451,21454359.136,-0.5693408269435167,-7.673509580432437,-3.4726025126874447,8.441911304280346,-2.2107536778192056,8.143554107908813,-0.2469030921366795
2025-01-01 11:55:00,G01,-15819987.282424971,-1688755.9672182994,21275549.582168028,-15819986.798,-1688748.409,21275553.369000003,-0.4844249710440635,-7.558218299411237,-3.7868319749832153,8.467669562570402,-2.263740849494752,8.15933085246153,-0.0471723147558416
2025-01-01 12:00:00,G01,-16009488.129260466,-2472417.9747670414,21056044.40438594,-16009487.738,-2472410.536,21056048.5,-0.3912604656070471,-7.438767041545361,-4.095614060759544,8.500729050206214,-2.318036283931772,8.177114318490794,0.1546078708490235
2025-01-01 12:05:00,G01,-16210054.028320637,-3243999.088103302,20796259.851204835,-16210053.738,-3243991.778,20796264.25,-0.2903206367045641,-7.310103301890194,-4.398795165121555,8.536468547420487,-2.373617204144644,8.19212273802954,0.3554738729459772
2025-01-01 12:10:00,G01,-16420834.033240566,-4001926.9081124496,20496692.623504683,-16420833.851,-4001919.73,20496697.317,-0.1822405662387609,-7.178112449590117,-4.693495318293572,8.57831033862656,-2.42721538131132,8.208835509020679,0.5577215652584462
2025-01-01 12:15:00,G01,-16640894.954322316,-4744687.622304738,20157915.4580274,-16640894.886999998,-4744680.582,20157920.437,-0.0673223175108432,-7.04030473716557,-4.978972598910332,8.623258735958867,-2.4783732432611063,8.224427531038474,0.7596374668713359
2025-01-01 12:20:00,G01,-16869225.384015087,-5470831.680191451,19780576.03908232,-16869225.437000003,-5470824.782,19780581.294,0.0529849156737327,-6.898191451095045,-5.254917681217194,8.671909393762068,-2.5257624850510068,8.240193069829868,0.9600805042576224
2025-01-01 12:25:00,G01,-17104740.07712712,-6178979.193394314,19365395.767797343,-17104740.258,-6178972.443,19365401.287,0.1808728799223899,-6.750394313596189,-5.519202657043934,8.721360923459367,-2.569599291513629,8.253095284142129,1.1600491667026986
2025-01-01 12:30:00,G01,-17346284.666995533,-6867825.037698884,18913168.39115293,-17346284.981000002,-6867818.44,18913174.163,0.3140044696629047,-6.597698883153498,-5.771847069263458,8.771684442038392,-2.6085281911604103,8.264139308187556,1.357214103039412
2025-01-01 12:35:00,G01,-17592640.697388604,-7536143.635528501,18424758.49329616,-17592641.15,-7536137.195,18424764.505,0.452611394226551,-6.440528500825167,-6.011703837662935,8.821895911644857,-2.6420784415770404,8.272731744220788,1.5515084507058785
2025-01-01 12:40:00,G01,-17842530.948547836,-8182793.398673754,17901099.851888046,-17842531.546,-8182787.121,17901106.09,0.5974521636962891,-6.277673753909767,-6.238111954182386,8.870184755761636,-2.6710732880485444,8.277136651745845,1.741997112381433
2025-01-01 12:45:00,G01,-18094625.03450215,-8806720.812554374,17343193.662490755,-18094625.783,-8806714.703,17343200.114,0.7484978511929512,-6.109554374590516,-6.451509244740009,8.916774934037777,-2.696231992410493,8.277881911916385,1.927661619619502
2025-01-01 12:50:00,G01,-18347545.247606475,-9406964.144817404,16752106.634250468,-18347546.153,-9406958.209,16752113.284,0.9053935259580612,-5.935817403718829,-6.649749532341957,8.959510842117453,-2.716664274372284,8.273432450441238,2.107815276146233
2025-01-01 12:55:00,G01,-18599872.625180013,-9982656.762672234,16128968.960376982,-18599873.695,-9982651.005,16128975.796,1.069819986820221,-5.757672233507037,-6.835623018443584,9.001169168667685,-2.7355746371411382,8.266107458640409,2.282355206757534
2025-01-01 13:00:00,G01,-18850153.21214756,-10533030.04503164,15474972.167161625,-18850154.453,-10533024.471,15474979.174,1.240852441638708,-5.574031639844179,-7.0068383757025,9.039099929037294,-2.7520046995622693,8.254093052327839,2.449846024594698
2025-01-01 13:05:00,G01,-19096904.41826255,-11057415.43733652,14791367.09334768,-19096905.913,-11057410.492,14791374.01,1.4947374500334265,-4.945336518809199,-6.916652319952846,8.633114886523252,-2.8671816179438903,7.775408059793403,2.41929157344332
2025-01-01 13:10:00,G01,-19338621.847499646,-11555248.3782427,14079460.404086558,-19338623.572,-11555243.525,14079467.579,1.7245003543794155,-4.853242699056864,-7.174913441762328,8.832171254283129,-2.946956690397692,7.90002571568549,2.6291232419598485
2025-01-01 13:15:00,G01,-19573785.664421007,-12026066.997419598,13340613.920099253,-19573787.625,-12026062.233,13340621.348,1.9605789929628368,-4.764419598504901,-7.427900746464729,9.03976070466448,-3.0178704132020053,8.033634442050612,2.840853642519123
2025-01-01 13:20:00,G01,-19800867.53430391,-12469515.344389211,12576240.709961902,-19800869.739,-12469510.669,12576248.381,2.204696089029312,-4.675389211624861,-7.671038096770644,9.250122950926968,-3.080235692134436,8.170219874294766,3.0535929482898947
2025-01-01 13:25:00,G01,-20018337.41639829,-12885343.599526238,11787802.745771466,-20018339.871,-12885339.017,11787810.647,2.4546017087996006,-4.582526236772537,-7.901228534057736,9.458013988515706,-3.132945751816475,8.306109722775336,3.2630079369120266
2025-01-01 13:30:00,G01,-20224670.414613523,-13273408.362571783,10976808.114604378,-20224673.126,-13273403.878,10976816.229,2.711386475712061,-4.484571782872081,-8.114395622164011,9.659524678233458,-3.1763933531739115,8.437196935365398,3.468522761807188
2025-01-01 13:35:00,G01,-20418353.62406922,-13633672.48926435,10144808.140922192,-20418356.597000003,-13633668.11,10144816.448,2.972930781543255,-4.37926435098052,-8.307077808305621,9.85006677139094,-3.209879384098889,8.560235872083576,3.666449447993303
2025-01-01 13:40:00,G01,-20597892.94389609,-13966204.477050904,9293394.425356785,-20597896.183,-13966200.213,9293402.902,3.2391039095819,-4.264050904661417,-8.476643215864897,10.026335545137163,-3.235205352245842,8.672323905479685,3.853783708373687
2025-01-01 13:45:00,G01,-20761819.826798458,-14271177.402775869,8424195.805481315,-20761823.338,-14271173.265,8424204.425,3.5112015418708324,-4.137775868177414,-8.61951868608594,10.18556958557999,-3.2547100071720467,8.770146616209985,4.029543259736364
2025-01-01 13:50:00,G01,-20908697.93614301,-14548867.41717386,7538875.244336516,-20908701.723,-14548863.417,7538883.978,3.7868569903075695,-4.000173861160874,-8.733663484454155,10.325626113909214,-3.2683478694744044,8.852804083448259,4.190980399432558
2025-01-01 13:55:00,G01,-21037129.68171557,-14799651.80290207,6639126.65263402,-21037133.747,-14799647.951,6639135.469,4.065284430980682,-3.851902071386576,-8.816365979611874,10.44471139662479,-3.276870647411358,8.91866707295448,4.337221755999474
2025-01-01 14:00:00,G01,-21145762.6057938,-15024006.604727384,5726671.650700112,-21145766.954,-15024002.913,5726680.518,4.348206199705601,-3.691727383062244,-8.867299888283014,10.543469805275386,-3.284935554874159,8.967608375788132,4.467208743004058
2025-01-01 14:05:00,G01,-21233295.591811344,-15222503.842328545,4803256.276352036,-21233300.225,-15222500.321,4803265.162,4.633188657462597,-3.52132854424417,-8.885647963732481,10.621719803663249,-3.2922153950745408,9.000338780950253,4.579972839230496
2025-01-01 14:10:00,G01,-21298484.868635982,-15395808.31797802,3870647.645016518,-21298489.79,-15395804.977,3870656.516,4.921364016830921,-3.34097802080214,-8.870983481872827,10.680651003440834,-3.302122415540583,9.01720057061707,4.675723182498006
2025-01-01 14:15:00,G01,-21340149.784353297,-15544674.033114113,2930630.568503885,-21340154.995,-15544670.88,2930639.392,5.210646703839302,-3.1531141120940447,-8.823496114928275,10.721336267754705,-3.314317228733031,9.019746278288409,4.754632451504348
2025-01-01 14:20:00,G01,-21357178.324424908,-15669940.229507988,1985004.1389429795,-21357183.827,-15669937.271000002,1985012.884,5.502575092017651,-2.958507986739278,-8.74505702056922,10.747424084118954,-3.3323588210161468,9.010640177258033,4.817766362940333
2025-01-01 14:25:00,G01,-21348532.35018244,-15772527.0723515,1035578.2844593902,-21348538.147,-15772524.313,1035586.921,5.796817559748888,-2.7593515012413263,-8.636540609761141,10.761363679035718,-3.3571045288116506,8.991869800946587,4.866525957798462
2025-01-01 14:30:00,G01,-21313252.534813885,-15853430.994140605,84170.30324364733,-21313258.628,-15853428.437,84178.804,6.093186113983393,-2.557140603661537,-8.500756352674216,10.767021113291529,-3.38974400792079,8.967176986886942,4.901848233133689
2025-01-01 14:35:00,G01,-21250462.975292504,-15913719.719699277,-867398.6172940228,-21250469.368,-15913717.364,-867390.277,6.392707496881485,-2.3556992765516043,-8.340294022811577,10.76924011289455,-3.430582820250525,8.940254280396895,4.927421995772636
2025-01-01 14:40:00,G01,-21159375.46009046,-15954526.99406688,-1817306.8895496808,-21159382.155,-15954524.838,-1817298.732,6.694909542798996,-2.156066879630089,-8.157549680676311,10.771074921678016,-3.479953298565272,8.914229963578006,4.9439340777010585
2025-01-01 14:45:00,G01,-21039293.373996705,-15977047.036258304,-2763736.0161786554,-21039300.375,-15977045.076,-2763728.059,7.001003295183182,-1.9602583050727844,-7.9571786555461586,10.778374270642672,-3.538306622212053,8.894649145196984,4.953680929279646
2025-01-01 14:50:00,G01,-20889615.22291745,-15982528.743095366,-3704874.0752141937,-20889622.535,-15982526.97,-3704866.333,7.312082551419735,-1.773095365613699,-7.742214193567634,10.795939006562508,-3.603794180139808,8.885437193111503,4.96124706378135
2025-01-01 14:55:00,G01,-20709837.763174724,-15972269.668385629,-4638919.19309835,-20709845.393,-15972268.074,-4638911.676,7.62982527539134,-1.5943856295198202,-7.5170983504503965,10.828807269453268,-3.67728467389308,8.891929893279125,4.967315882760433
2025-01-01 15:00:00,G01,-20499558.72151834,-15947609.803700652,-5564082.998893191,-20499566.676,-15947608.376,-5564075.713,7.954481657594442,-1.4277006518095732,-7.285893190652132,10.88100855517424,-3.755641240618285,8.918802361695239,4.9745824430359615
2025-01-01 15:05:00,G01,-20258478.7016578,-15909925.525828382,-6478594.716986481,-20258487.383,-15909923.913,-6478587.0,8.681342203170061,-1.6128283813595772,-7.716986481100321,11.726840929497836,-3.7729936178203936,9.70090751513635,5.401454501187933
2025-01-01 15:10:00,G01,-19986404.64248262,-15860621.748275269,-7380701.936426818,-19986413.646,-15860620.234,-7380694.421999999,9.003517381846905,-1.5142752695828676,-7.514426819048822,11.824676116331045,-3.7825650189445135,9.803813961674251,5.422213472233282
2025-01-01 15:15:00,G01,-19683248.84100067,-15801127.171378072,-8268677.83847413,-19683258.164,-15801125.753,-8268670.548,9.322999332100151,-1.418378071859479,-7.290474129840732,11.919778770553952,-3.7955343663167462,9.90859822198506,5.430904720977134
2025-01-01 15:20:00,G01,-19349031.53885861,-15732886.339342251,-9140821.992837554,-19349041.178,-15732885.014,-9140814.947,9.639141388237476,-1.3253422509878874,-7.045837553218007,12.013051469590208,-3.812117428960065,10.016180478751746,5.427457501990675
2025-01-01 15:25:00,G01,-18983881.05253542,-15657353.13428719,-9995464.22865433,-18983891.006,-15657351.899,-9995457.446,9.953464582562448,-1.2352871894836426,-6.782654330134392,12.10792267066974,-3.8334807035693417,10.129596144804726,5.412716419454931
2025-01-01 15:30:00,G01,-18588033.850084063,-15575983.957460826,-10830967.837447982,-18588044.116,-15575982.808999998,-10830961.335,10.26591593772173,-1.148460827767849,-6.502447981387377,12.206138704108476,-3.8594476622070575,10.250746318865197,5.386713813902779
2025-01-01 15:35:00,G01,-18161834.173825227,-15490230.913019491,-11645732.71192997,-18161844.752,-15490229.846,-11645726.506,10.578174773603678,-1.0670194905251265,-6.205929970368743,12.310559651420672,-3.89002336915948,10.38138801844487,5.352044462545985
2025-01-01 15:40:00,G01,-17705733.21032098,-15401535.024039572,-12438198.414587865,-17705744.1,-15401534.033,-12438192.521000002,10.88967902213335,-0.9910395722836256,-5.893587863072753,12.421821385718028,-3.924795122707901,10.522317583005824,5.308338955437609
2025-01-01 15:45:00,G01,-17220287.810904883,-15311319.51028378,-13206847.17014504,-17220299.012,-15311318.589,-13206841.602,11.2010951153934,-0.9212837796658278,-5.568145040422678,12.542628702865636,-3.962550636486892,10.676708243950928,5.255818519010766
2025-01-01 15:50:00,G01,-16706158.76798202,-15220983.156967588,-13950206.776131831,-16706170.281,-15220982.299,-13950201.546,11.513017980381846,-0.8579675871878862,-5.230131831020117,12.67438244519671,-4.003079190984501,10.84583827375712,5.194527841615887
2025-01-01 15:55:00,G01,-16164108.654221326,-15131893.803374477,-14666853.425973192,-16164120.478999998,-15131893.002,-14666848.546,11.82477867230773,-0.801374476402998,-4.879973191767931,12.817243465459631,-4.045252031037133,11.030145550406438,5.123822322749557
2025-01-01 16:00:00,G01,-15594999.233645435,-15045381.979639005,-15355414.43917396,-15595011.37,-15045381.227,-15355409.92,12.136354563757775,-0.7526390049606562,-4.51917395927012,12.972297438895607,-4.087161566181068,11.231076450868336,5.043662650283086
2025-01-01 16:05:00,G01,-14999788.45546067,-14962734.719372071,-16014570.89336896,-14999800.902,-14962734.007,-16014566.745,12.44653933122754,-0.7123720720410347,-4.148368960246444,13.13897942471767,-4.12685332890537,11.448506346481262,4.953136820181259
2025-01-01 16:10:00,G01,-14379527.043265063,-14885189.575031374,-16643060.153201098,-14379539.799,-14885188.896,-16643056.386,12.755734937265515,-0.6790313739329576,-3.7672010976821184,13.317719831372738,-4.165074024074959,11.682700019457071,4.850602038540424
2025-01-01 16:15:00,G01,-13735354.694006996,-14813928.862059051,-17239678.29119486,-13735367.757,-14813928.207,-17239674.915,13.062993003055452,-0.6550590507686138,-3.3761948607862,13.50813015542376,-4.1990044312928525,11.933201250606665,4.736734106361815
2025-01-01 16:20:00,G01,-13068495.902744384,-14750074.15680926,-17803282.39600635,-13068509.268,-14750073.518,-17803279.419999998,13.365255614742637,-0.638809259980917,-2.9760063514113426,13.707470544257522,-4.22699007902273,12.198114959712717,4.60795996327701
2025-01-01 16:25:00,G01,-12380255.430855911,-14694681.072187146,-18332792.763651736,-12380269.094,-14694680.442000002,-18332790.198,13.66314408928156,-0.6301871445029974,-2.56565173715353,13.916221149361109,-4.249565655589427,12.47689086944549,4.464257726510425
2025-01-01 16:30:00,G01,-11672013.436887186,-14648734.333711011,-18827194.967545096,-11672027.39,-14648733.705,-18827192.821,13.953112814575434,-0.6287110112607479,-2.146545097231865,14.13125226603785,-4.263923949799992,12.767017680700656,4.30284820757121
2025-01-01 16:35:00,G01,-10945220.290656362,-14613143.177407464,-19285541.803411394,-10945234.525,-14613142.543,-19285540.085,14.234343638643622,-0.634407464414835,-1.7184113934636116,14.351722871177696,-4.269573327586087,13.06678366118718,4.12333090148999
2025-01-01 16:40:00,G01,-10201391.092602693,-14588737.089550575,-19706955.10538316,-10201405.596,-14588736.445,-19706953.825,14.503397308290005,-0.6445505749434233,-1.280383162200451,14.574064634405191,-4.267057146813228,13.371889270295927,3.9227746069070655
2025-01-01 16:45:00,G01,-9442099.921619363,-14576261.906776246,-20090627.42983638,-9442114.68,-14576261.247,-20090626.598,14.758380636572838,-0.65977624617517,-0.8318363800644875,14.7965217356034,-4.255855104510226,13.67919650705544,3.701936752965989
2025-01-01 16:50:00,G01,-8668973.83577602,-14576376.293539071,-20435823.60377491,-8668988.831999999,-14576375.616,-20435823.23,14.996223978698254,-0.6775390710681677,-0.3737749084830284,15.016174629189685,-4.235793639108577,13.985123190822812,3.4583062442064145
2025-01-01 16:55:00,G01,-7883686.651389131,-14589648.61224734,-20741882.1348304,-7883701.866,-14589647.915,-20741882.229,15.214610869064929,-0.6972473412752151,0.0941695980727672,15.230870154563894,-4.207219444991496,14.285907862178703,3.19242020420422
2025-01-01 17:00:00,G01,-7087952.526848341,-14616554.199709818,-21008216.48020765,-7087967.937,-14616553.482,-21008217.052,15.410151658579707,-0.7177098169922829,0.5717923492193222,15.437448882910015,-4.170357252892497,14.576936279497168,2.904458142095707
2025-01-01 17:05:00,G01,-6283519.657428671,-14657472.99692394,-21234316.08182912,-6283534.959,-14657472.327,-21234317.233000003,15.301571329124272,-0.6699239406734705,1.1511708833277223,15.359429599734064,-4.171296192337053,14.558016070914965,2.564475342826104
2025-01-01 17:10:00,G01,-5472162.449353371,-14712687.896779465,-21419747.672540944,-5472177.8780000005,-14712687.248,-21419749.357,15.428646629676225,-0.6487794648855925,1.6844590567052364,15.533880839352188,-4.178501894018082,14.793383157462586,2.235484423873872
2025-01-01 17:15:00,G01,-4655676.302598875,-14782383.022378594,-21564155.67870398,-4655691.841,-14782382.397,-21564157.9,15.538401124998927,-0.6253785938024521,2.2212960198521614,15.708824396331044,-4.179804810115501,15.02424646251222,1.8890245889849648
2025-01-01 17:20:00,G01,-3835869.643181781,-14866642.87831787,-21667263.14678723,-3835885.271,-14866642.278,-21667265.907,15.62781821936369,-0.600317869335413,2.7602127715945244,15.881053440694435,-4.173430309696059,15.24660608973897,1.526872810890723
2025-01-01 17:25:00,G01,-3014557.2057315065,-14965451.7720275,-21728872.226956923,-3014572.9030000004,-14965451.2,-21728875.527,15.697268493939193,-0.572027500718832,3.300043076276779,16.050599301511358,-4.159815949551683,15.459498388967337,1.149599393288237
2025-01-01 17:30:00,G01,-2193553.0387719003,-15078693.712819887,-21748864.554813724,-2193568.784,-15078693.171999998,-21748868.395,15.745228099636734,-0.5408198889344931,3.8401862755417824,16.215786280434163,-4.13862627440133,15.66032994273188,0.7599758800955771
2025-01-01 17:35:00,G01,-1374663.5162288777,-15206152.761181517,-21727201.48102686,-1374679.288,-15206152.255,-21727205.86,15.771771122235805,-0.5061815157532692,4.378973137587309,16.376214147317224,-4.109408291311759,15.848148733861125,0.3596317609818258
2025-01-01 17:40:00,G01,-559680.3848443474,-15347513.826902492,-21663924.148405924,-559696.161,-15347513.359,-21663929.065,15.776155652594753,-0.4679024927318096,4.916594076901674,16.531149906604398,-4.073061134607363,16.021447057587217,-0.0482121282195207
2025-01-01 17:45:00,G01,249626.1229754677,-15502363.91269712,-21559153.41623583,249610.365,-15502363.489,-21559158.869,15.75797546771355,-0.4236971195787191,5.452764168381691,16.680106329582813,-4.0314147366454645,16.17900140126291,-0.4621212452151222
2025-01-01 17:50:00,G01,1051514.08163018,-15670193.798042282,-21413089.63198544,1051498.365,-15670193.425,-21413095.618,15.716630179900676,-0.373042281717062,5.986014559864998,16.822128137266972,-3.984426754828887,16.319756009092295,-0.8797171737148948
2025-01-01 17:55:00,G01,1844276.54126917,-15850400.1560557,-21226012.25078576,1844260.89,-15850399.84,-21226018.767,15.651269169989972,-0.3160557001829147,6.516214240342379,16.95650806808812,-3.932884222889645,16.443021199220244,-1.297166679527689
2025-01-01 18:00:00,G01,2626248.044892671,-16042288.094361303,-20998279.30335908,2626232.481,-16042287.845,-20998286.345,15.56389267090708,-0.249361302703619,7.041640918701887,17.08454397865913,-3.878244491121466,16.54990152706249,-1.715115760046115
2025-01-01 18:05:00,G01,3395810.9659416387,-16245074.109052984,-20730326.71336492,3395795.512,-16245073.935,-20730334.277000003,15.453941638581457,-0.1740529835224151,7.56363508105278,17.206486632926755,-3.82187341171684,16.64110380198828,-2.128410234271139
2025-01-01 18:10:00,G01,4151401.639474792,-16457889.43907716,-20422667.46541254,4151386.318,-16457889.351999998,-20422675.546,15.321474791970104,-0.0870771612972021,8.080587461590767,17.321982160174763,-3.765308671405692,16.716388499291543,-2.5369020689028154
2025-01-01 18:15:00,G01,4891516.2609135015,-16679783.80661809,-20075890.62527238,4891501.092999999,-16679783.819,-20075899.217,15.167913502082229,0.0123819094151258,8.591727621853352,17.432255644248883,-3.709215784426104,16.777591250873336,-2.938994203742099
2025-01-01 18:20:00,G01,5614716.527328849,-16909729.527394228,-19690660.214099444,5614701.534,-16909729.652999997,-19690669.311,14.993328848853707,0.1256057694554329,9.096900556236506,17.53765339232263,-3.655194758241965,16.825625239958423,-3.332742575273385
2025-01-01 18:25:00,G01,6319634.997346934,-17146625.973166525,-19267713.9387601,6319620.198,-17146626.227,-19267723.533,14.799346934072672,0.2538334764540195,9.59423989802599,17.639006217179265,-3.6032324136600655,16.862035322760136,-3.717932392718778
2025-01-01 18:30:00,G01,7004980.146953317,-17389304.36722777,-18807861.780629724,7004965.56,-17389304.766000003,-18807871.865,14.58695331774652,0.398772232234478,10.084370274096727,17.73789024129993,-3.5555301943898736,16.888893081852956,-4.093439350830119
2025-01-01 18:35:00,G01,7669541.099779012,-17636532.892192297,-18311984.445501465,7669526.742,-17636533.453,-18311995.011,14.357779012061656,0.5608077049255371,10.565498534590006,17.835080115478192,-3.511455501915296,16.90792227096657,-4.458915502961109
2025-01-01 18:40:00,G01,8312192.011848096,-17887022.088043287,-17781031.677515194,8312177.899,-17887022.830000002,-17781042.713,14.112848095595837,0.74195671454072,11.035484805703163,17.930557884029167,-3.471399334628797,16.919488317340708,-4.815102052026583
2025-01-01 18:45:00,G01,8931896.092247048,-18139430.5171283,-17216020.44028086,8931882.238,-18139431.46,-17216031.936,13.8542470484972,0.9428717009723186,11.495719142258167,18.027221830414376,-3.436891494050279,16.92720853183442,-5.161212561102823
2025-01-01 18:50:00,G01,9527709.242740257,-18392370.671625912,-16618032.968630483,9527695.661,-18392371.835,-16618044.911,13.581740256398916,1.163374088704586,11.942369516938925,18.12283910819903,-3.40614926763807,16.929909317858563,-5.496691277243294
2025-01-01 18:55:00,G01,10098783.300992845,-18644415.097944364,-15988214.694688097,10098770.001999998,-18644416.503,-15988227.07,13.298992846161129,1.40505563467741,12.375311903655527,18.220475755905547,-3.379731948160531,16.93078029514505,-5.823386242355296
2025-01-01 19:00:00,G01,10644368.873766094,-18894102.71156098,-15327772.052195754,10644355.867,-18894104.377,-15327784.844,13.00676609389484,1.6654390208423138,12.791804246604444,18.318840226304832,-3.354713238450646,16.93015494915249,-6.139679122098759
2025-01-01 19:05:00,G01,11163818.14732343,-19139945.321560487,-14637969.9912322,11163805.042,-19139947.222,-14637983.354,13.105323430150747,1.9004395119845867,13.362767800688744,18.81288749348952,-3.2260861275800146,17.299621298579485,-6.651331225090583
2025-01-01 19:10:00,G01,11656585.18248112,-19380434.09229284,-13920130.335617317,11656572.473,-19380436.257000003,-13920143.982,12.709481120109558,2.164707161486149,13.646382683888078,18.77340213686723,-3.1541660440013217,17.173430420973368,-6.896749374552234
2025-01-01 19:15:00,G01,12122230.105793169,-19614046.437452115,-13175627.934563944,12122217.804,-19614048.884,-13175641.837,12.301793169230224,2.4465478844940662,13.902436055243015,18.72424738139728,-3.089062668301388,17.039129092657628,-7.122022998756593
2025-01-01 19:20:00,G01,12560418.358646546,-19839252.73342343,-12405888.983377373,12560406.471,-19839255.479,-12405903.117,11.887646544724705,2.7455765679478645,14.133622627705336,18.67119759536473,-3.0311152985426317,16.90292610460829,-7.329191551204425
2025-01-01 19:25:00,G01,12970921.81588462,-20054523.17689933,-11612388.028705709,12970910.345,-20054526.239,-11612402.37,11.470884619280696,3.0621006712317467,14.3412942904979,18.618012149428736,-2.9806800423415667,16.768685314285328,-7.520446510143806
2025-01-01 19:30:00,G01,13353618.974526018,-20258334.64752093,-10796645.138275525,13353607.92,-20258338.042,-10796659.667,11.054526017978787,3.394479069858789,14.528724474832416,18.56902982127698,-2.937443559432787,16.64181105870326,-7.696130100579279
2025-01-01 19:35:00,G01,13708494.688796118,-20449177.55888348,-9960222.982809862,13708484.045,-20449181.303,-9960237.68,10.643796117976308,3.744116518646479,14.697190137580035,18.5287938691764,-2.900930990145582,16.52594170255802,-7.860919315226157
2025-01-01 19:40:00,G01,14035639.452965826,-20625562.668166004,-9104723.835773973,14035629.212,-20625566.779,-9104738.685,10.240965826436875,4.110833995044231,14.849226027727129,18.500698657499072,-2.871044079508513,16.424759549180536,-8.01624790414506
2025-01-01 19:45:00,G01,14335248.23544604,-20786027.81481441,-8231786.496763442,14335238.388,-20786032.308,-8231801.482999999,9.847446039319038,4.4931855872273445,14.986236557364464,18.48643276491857,-2.846377468494678,16.34075790542314,-8.162472833342353
2025-01-01 19:50:00,G01,14607618.869528238,-20929144.559003845,-7343083.144506929,14607609.402,-20929149.45,-7343098.254000001,9.46752823702991,4.890996154397726,15.109493071213365,18.48925945435178,-2.8246346316396056,16.276766201931675,-8.303073911253207
2025-01-01 19:55:00,G01,14853150.008076588,-21053524.69103416,-6440316.125600846,14853140.907000002,-21053529.995,-6440331.345,9.101076586171985,5.303965840488672,15.219399154186249,18.509234432544307,-2.805357487440573,16.23329773875303,-8.438114313727963
2025-01-01 20:00:00,G01,15072338.65136549,-21157826.583362386,-5525214.6852259785,15072329.903,-21157832.315,-5525230.003,8.748365489766002,5.731637615710497,15.317774021066723,18.54776993228089,-2.787989956562201,16.212411288495765,-8.56764854995736
2025-01-01 20:05:00,G01,15265777.259101711,-21240761.357653286,-4599531.646215311,15265768.847,-21240767.532,-4599547.049,8.412101712077856,6.174346715211868,15.402784688398242,18.604617403514272,-2.770324793765272,16.2130388444298,-8.694507501705079
2025-01-01 20:10:00,G01,15434150.45946885,-21301098.840025272,-3665040.042948287,15434142.367,-21301105.47,-3665055.518,8.092468850314617,6.629974726587534,15.475051713176072,18.67944973745146,-2.7501899513647343,16.23598903273116,-8.817650359048123
2025-01-01 20:15:00,G01,15578231.369774878,-21337673.27858309,-2723529.7166382745,15578223.583,-21337680.377,-2723545.249,7.786774877458811,7.098416909575462,15.532361725345254,18.76900760246372,-2.7283390674997987,16.278676949609594,-8.935126696602813
2025-01-01 20:20:00,G01,15698877.544961594,-21349388.798356656,-1776803.878658125,15698870.047,-21349396.377,-1776819.453,7.497961593791842,7.578643344342709,15.574341875035316,18.87366916747261,-2.7019583913163414,16.341278792215775,-9.048614044696585
2025-01-01 20:25:00,G01,15797026.571844151,-21335224.56990003,-826675.6486115239,15797019.349,-21335232.639,-826691.248,7.222844151780009,8.069099970161915,15.599388476111926,18.99001771452632,-2.671431030965608,16.421854531431073,-9.154612105017565
2025-01-01 20:30:00,G01,15873691.328475824,-21294239.66904657,125035.42609359846,15873684.367,-21294248.238,125019.822,6.961475823074579,8.568953432142735,15.604093598463804,19.11483312998316,-2.6360800543209404,16.51712164652819,-9.25270879516388
2025-01-01 20:35:00,G01,15929954.929479765,-21225577.60665208,1076506.8623794264,15929948.216999998,-21225586.683,1076491.277,6.712479766458273,9.076347917318344,15.58537942636758,19.24425961150916,-2.5957509265143788,16.623949142098606,-9.340659507956673
2025-01-01 20:40:00,G01,15966965.37954099,-21128470.50858873,2025916.7385317576,15966958.904,-21128480.098,2025901.198,6.475540990009904,9.58941126987338,15.540531757520512,19.375179145560864,-2.550079228615594,16.73960310707038,-9.417024512451878
2025-01-01 20:45:00,G01,15985929.958507476,-21002242.92776817,2971447.189319838,15985923.71,-21002253.034,2971431.722,6.248507475480437,10.106231831014156,15.467319837771356,19.504300819492453,-2.500131690160009,16.861733885965272,-9.478872419650036
2025-01-01 20:50:00,G01,15988109.362701625,-20846315.27156611,3911287.8924010056,15988103.333,-20846325.895000003,3911272.532,6.029701624065638,10.623433891683815,15.360401005484164,19.62540619644636,-2.446344415749972,16.984725055183883,-9.523186555709843
2025-01-01 20:55:00,G01,15974811.628087033,-20660206.82968769,4843639.539234272,15974805.81,-20660217.968,4843624.322,5.818087032064796,11.138312309980392,15.217234272509812,19.73515535109335,-2.3895937148633526,17.1057399120779,-9.547767313357566
2025-01-01 21:00:00,G01,15947385.861868665,-20443538.38924157,5766717.283767496,15947380.25,-20443550.037,5766702.249,5.611868664622307,11.647758431732656,15.03476749639958,19.829462424981728,-2.331417062260308,17.22128349016095,-9.549841333607256
2025-01-01 21:05:00,G01,15907215.597725678,-20196034.62076845,6678753.759250701,15907210.399,-20196046.574,6678739.353,5.198725678026676,11.953231550753117,14.4062507012859,19.42798374637971,-2.352829345101369,16.896366184406116,-9.296427070917172
2025-01-01 21:10:00,G01,15855713.034394532,-19917525.06996155,7578004.016522984,15855708.076,-19917537.495,7577989.941,4.958394533023238,12.425038449466228,14.07552298437804,19.418743628247,-2.3414364663338283,16.93004459969121,-9.21839840895218
2025-01-01 21:15:00,G01,15794311.225353625,-19607946.592006616,8462746.645321548,15794306.491,-19607959.478,8462732.925,4.734353624284267,12.885993383824824,13.72032154724002,19.409022466044227,-2.325891897438267,16.971372171169097,-9.12539898286686
2025-01-01 21:20:00,G01,15724458.02131748,-19267343.493654933,9331288.463211482,15724453.495,-19267356.829,9331275.124,4.526317480951548,13.335345067083836,13.339211482554674,19.39725601658346,-2.3074377309500638,17.017975026249452,-9.01763816620634
2025-01-01 21:25:00,G01,15647609.108827118,-18895868.126584105,10181967.42854116,15647604.776,-18895881.897,10181954.493,4.332827117294073,13.770415894687176,12.935541158542035,19.3836521276396,-2.285039601554441,17.071218992444415,-8.892583760453439
2025-01-01 21:30:00,G01,15565221.187694715,-18493780.85093329,11013155.81829024,15565217.032,-18493795.042000003,11013143.308999998,4.155694715678692,14.191066712141035,12.509290240705011,19.36849285113725,-2.2586337886842065,17.12989027920286,-8.75236812272199
2025-01-01 21:35:00,G01,15478745.158847433,-18061449.545598045,11823263.338863743,15478741.166,-18061464.143,11823251.278,3.992847433313728,14.597401954233646,12.060863742604852,19.35178050353157,-2.2304483809250444,17.19369139396139,-8.596131974679746
2025-01-01 21:40:00,G01,15389619.352182971,-17599348.66723382,12610740.16391334,15389615.509,-17599363.655,12610728.572,3.843182971701026,14.987766180187464,11.5919133387506,19.33327818242545,-2.2003135822487616,17.26250580086451,-8.422598108300003
2025-01-01 21:45:00,G01,15299262.823854432,-17108057.86185614,13374079.893423488,15299259.117,-17108073.225,13374068.791,3.7068544309586287,15.363143861293793,11.10242348909378,19.31400441147066,-2.1697856518483825,17.335936311137466,-8.23335343875911
2025-01-01 21:50:00,G01,15209068.7520823,-16588260.134843592,14111822.428467697,15209065.169,-16588275.857,14111811.835,3.5830822996795177,15.722156409174204,10.593467695638536,19.293683907936074,-2.138825814249328,17.413406749031076,-8.027759853685902
2025-01-01 21:55:00,G01,15120397.96014226,-16040739.587044176,14822556.756217638,15120394.491,-16040755.652,14822546.691,3.469142260029912,16.0649558249861,10.065217638388276,19.272424854885355,-2.1098973298034025,17.49461102098121,-7.804695911401929
2025-01-01 22:00:00,G01,15034572.594609892,-15466378.726539956,15504923.639974125,15034569.23,-15466395.119,15504914.121,3.364609891548753,16.39246004447341,9.518974125385284,19.25212233577689,-2.083864393477157,17.580468374102164,-7.56497556959116
2025-01-01 22:05:00,G01,14952869.986251574,-14866155.367439697,16157618.20918517,14952866.717999998,-14866172.071,16157609.255,3.268251575529576,16.703560303896666,8.954185169190168,19.231948087258587,-2.061794948175934,17.669317149964122,-7.308355511102956
2025-01-01 22:10:00,G01,14876516.720144045,-14241139.128830995,16779392.444619592,14876513.541,-14241156.127,16779384.072,3.179144045338034,16.998169004917145,8.372619591653347,19.2131586473248,-2.0437705800222874,17.76180971404092,-7.034670049526753
2025-01-01 22:15:00,G01,14806682.940683724,-13592487.54872717,17369057.55407674,14806679.844,-13592504.826,17369049.781000003,3.0966837238520384,17.277272829785943,7.773076735436916,19.196727024558648,-2.0319845939961647,17.857298296366288,-6.745536644313499
2025-01-01 22:20:00,G01,14744476.91611785,-12921441.82948206,17925486.234230854,14744473.897,-12921459.368,17925479.077,3.0191178508102894,17.53851794078946,7.157230854034424,19.181778792761047,-2.0256592803988065,17.954757900155315,-6.439255460141488
2025-01-01 22:25:00,G01,14690939.886093242,-12229322.232713113,18447614.81443412,14690936.94,-12229340.016,18447608.289,2.9460932426154613,17.78328688815236,6.5254341177642345,19.170447265669043,-2.0259181004279068,18.05489890765503,-6.117379312296512
2025-01-01 22:30:00,G01,14647039.194631936,-11517533.009549566,18934440.666975588,14647038.338,-11517541.155,18934439.401,0.8566319365054369,8.145450433716178,1.2659755870699885,8.287633874021301,-2.1568894986422817,7.473560480621317,-2.859824586048461
2025-01-01 22:35:00,G01,14613671.911360571,-10787517.901730755,19385042.8739352,14613671.06,-10787526.044,19385041.945,0.8513605706393719,8.142269244417548,0.9289351999759674,8.239191943120497,-2.1601940248972102,7.465749720207154,-2.735036885602626
2025-01-01 22:40:00,G01,14591648.345875531,-10040813.156841649,19798555.363720857,14591647.5,-10040821.29,19798554.774,0.8458755314350128,8.133158350363374,0.589720856398344,8.198264502639393,-2.1699425431055435,7.463289603304691,-2.6081024734587963
2025-01-01 22:45:00,G01,14581696.510357505,-9279002.922532342,20174187.94040764,14581695.672,-9279011.041,20174187.689,0.8383575044572353,8.118467656895518,0.2514076419174671,8.165510774210812,-2.18459340997963,7.467925583911359,-2.4765309022882507
2025-01-01 22:50:00,G01,14584456.602334466,-8503722.853486903,20511222.859134022,14584455.774,-8503730.954,20511222.947,0.8283344656229019,8.100513096898794,-0.0878659784793853,8.143228527441792,-2.2060882758151625,7.480785984860046,-2.3416204684308264
2025-01-01 22:55:00,G01,14600477.968437554,-7716653.859290733,20809016.18724564,14600477.152,-7716661.94,20809016.612,0.816437553614378,8.080709267407656,-0.4247543588280678,8.132948346612269,-2.231240387902693,7.5043649239832915,-2.202480925625537
2025-01-01 23:00:00,G01,14630216.476263274,-6919515.66459151,21066999.024914715,14630215.673,-6919523.725,21066999.786,0.8032632730901241,8.060408489778638,-0.761085283011198,8.136010552845125,-2.2606534021081077,7.539109720417373,-2.060567527418731
2025-01-01 23:05:00,G01,14674032.305684255,-6114060.208821698,21284678.583035205,14674031.519,-6114068.249,21284679.678,0.7866842560470104,8.040178301744163,-1.0949647948145866,8.15244056368602,-2.2931789415218864,7.585821864080762,-1.9128314439667884
2025-01-01 23:10:00,G01,14732188.1691463,-5302064.913421726,21461639.116454355,14732187.401,-5302072.933999999,21461640.543,0.7681462988257408,8.020578273572028,-1.4265456460416317,8.182588652690276,-2.327232937769533,7.644638368410495,-1.76018411784745
2025-01-01 23:15:00,G01,14804847.968643904,-4485325.845057091,21597542.710866347,14804847.221,-4485333.847,21597544.466,0.7476439028978348,8.001942909322679,-1.7551336511969566,8.22621151339812,-2.3612535719915257,7.715524886580735,-1.6017843664096467
2025-01-01 23:20:00,G01,14892075.895190349,-3665650.803756552,21692129.921958804,14892075.17,-3665658.789,21692132.004,0.7251903489232063,7.985243448056281,-2.082041196525097,8.28401530122469,-2.395361622724646,7.798693675292067,-1.437890526522194
2025-01-01 23:25:00,G01,14993835.97469854,-2844852.3652065094,21745220.265670512,14993835.275,-2844860.334,21745222.672,0.6996985394507647,7.968793490435928,-2.4063294865190983,8.353542322692501,-2.428089374618591,7.891862798400956,-1.2667094761997173
2025-01-01 23:30:00,G01,15109992.172859203,-2024740.9092680567,21756712.752767257,15109991.39,-2024748.859,21756715.286,0.7828592024743557,7.949731943197548,-2.5332327410578728,8.380237145806904,-2.2352427856397563,8.00584784078571,-1.0669885938443822
2025-01-01 23:35:00,G01,15240308.380595522,-1207117.7771375736,21726585.29849609,15240307.643,-1207125.5799999998,21726588.155,0.7375955227762461,7.802862426266074,-2.856503911316395,8.341961627448326,-2.2675312817062427,7.977921276972701,-0.8940904756959596
2025-01-01 23:40:00,G01,15384450.006423296,-393767.9776632595,21654895.93874648,15384449.321,-393775.635,21654899.115,0.6854232959449291,7.657336740521714,-3.176253519952297,8.318244855459419,-2.305618209775727,7.95972423455722,-0.7211880863756126
2025-01-01 23:45:00,G01,15541984.832779858,413546.27837291546,21541781.93033669,15541984.208,413538.763,21541785.423,0.6247798576951027,7.515372915484477,-3.4926633089780807,8.310828894837197,-2.349585278224651,7.953037877026757,-0.5463647739272652
2025-01-01 23:50:00,G01,15712384.905507306,1213092.4511436964,21387459.68694472,15712384.35,1213085.073,21387463.492,0.555507306009531,7.3781436963472515,-3.805055279284716,8.320098463924039,-2.3978331378715194,7.958565865598169,-0.3683260176148626
2025-01-01 23:55:00,G01,15895028.73303334,2003174.2886922508,21192224.36712732,15895028.254,2003167.041,21192228.481,0.4790333397686481,7.247692250879481,-4.113872677087784,8.347602308888332,-2.4485617929293504,7.978218279331849,-0.1871965301482445
2025-01-02 00:00:00,G01,16089203.905829951,2782138.286716915,20956449.313010152,16089203.511,2782131.164,20956453.732,0.3948299512267113,7.122716915328056,-4.418989848345518,8.39145149697398,-2.5008065393948256,8.010144811810674,-0.002229890008722
2025-01-02 00:05:00,G01,16294110.124958606,3548379.9639388584,20680585.34066431,16294109.825,3548372.955,20680590.063,0.2999586071819067,7.008938858285546,-4.722335692495108,8.456692821536137,-2.555961553549446,8.058931152471427,0.1906375994485598
2025-01-02 00:10:00,G01,16508862.626752028,4300349.926550707,20365159.883452915,16508862.426,4300343.033,20365164.903,0.2007520273327827,6.893550707027316,-5.019547086209059,8.529782862271752,-2.607240514991617,8.11244881550672,0.3842743684852872
2025-01-02 00:15:00,G01,16732495.988978632,5036559.69613691,20010775.989898093,16732495.895,5036552.9120000005,20010781.3,0.0939786322414875,6.78413690906018,-5.3101019077003,8.615714007228476,-2.6544083597030195,8.175755250151031,0.5845256229794527
2025-01-02 00:20:00,G01,16963968.302192774,5755587.27646379,19618111.177883744,16963968.322,5755580.597,19618116.775,-0.0198072269558906,6.679463789798319,-5.597116254270077,8.714547561938078,-2.698773868395605,8.248475094733246,0.7890611054356311
2025-01-02 00:25:00,G01,17202165.68839941,6456082.435641389,19187916.147272907,17202165.828,6456075.858999999,19187922.024,-0.1396005898714065,6.5766413901001215,-5.876727093011141,8.820862861670715,-2.7367054775193767,8.326048824675578,0.9974846980458144
2025-01-02 00:30:00,G01,17445907.147662252,7136771.681369772,18721013.35327961,17445907.414,7136765.205,18721019.504,-0.2663377486169338,6.476369772106409,-6.15072039142251,8.935640019318853,-2.769443159558969,8.40907333262381,1.2096829449817623
2025-01-02 00:35:00,G01,17693949.711866546,7796462.908283158,18218295.443193387,17693950.110999998,7796456.534,18218301.86,-0.399133451282978,6.374283158220351,-6.416806612163782,9.05351867458247,-2.795602213683758,8.49268420202091,1.4230684096713118
2025-01-02 00:40:00,G01,17944993.883516446,8434049.697801467,17680723.55930981,17944994.422,8434043.428000001,17680730.233,-0.538483552634716,6.269801465794444,-6.673690188676119,9.172704927739044,-2.814815868660137,8.575228640238521,1.637309098655555
2025-01-02 00:45:00,G01,18197689.33620983,9048515.252371993,17109325.5111726,18197690.02,9048509.092,17109332.433,-0.6837901696562767,6.160371992737055,-6.921827398240566,9.291364088014818,-2.8279990100993087,8.655183725145722,1.8492330569458697
2025-01-02 00:50:00,G01,18450640.852294467,9638935.94754171,16505193.82048052,18450641.689,9638929.905,16505200.979,-0.836705531924963,6.042541710659862,-7.158519480377436,9.405146868771444,-2.836207297619088,8.728077562584716,2.057517399585914
2025-01-02 00:55:00,G01,18702414.47217385,10204484.486927245,15869483.64225594,18702415.468,10204478.572,15869491.025,-0.9958261474967004,5.914927244186401,-7.382744060829282,9.512252303622244,-2.839192592246171,8.793060445075739,2.259207232890691
2025-01-02 01:00:00,G01,18951543.828804843,10744432.646840189,15203410.566110443,18951544.992,10744426.871,15203418.159,-1.1631951555609703,5.775840189307928,-7.592889556661248,9.610688044151708,-2.8391318633975704,8.847882331024667,2.453494079997494
2025-01-02 01:05:00,G01,19196536.578252565,11258152.951041097,14508248.72109202,19196537.979,11258147.976,14508256.088,-1.400747433304787,4.975041097030044,-7.3669079802930355,8.999136651876837,-2.927097987322543,8.183363890501214,2.334333585288569
2025-01-02 01:10:00,G01,19435881.220500056,11745123.193438992,13785326.61058192,19435882.855,11745118.347,13785334.215,-1.6344999447464943,4.846438992768526,-7.604418080300093,9.16442771371996,-2.999182169772822,8.28121267767867,2.532421414292909
2025-01-02 01:15:00,G01,19668053.602679625,12204923.906948697,13036027.266519858,19668055.477,12204919.184,13036035.101,-1.8743203766644,4.7229486964643,-7.834480142220855,9.338008372381454,-3.0622915773298423,8.387939679666294,2.7318928581407738
2025-01-02 01:20:00,G01,19891523.810057405,12637242.032397456,12261783.779717598,19891525.931,12637237.429,12261791.834,-2.12094259634614,4.603397456929088,-8.05428240261972,9.51636120923362,-3.1158679710300583,8.500134343549481,2.9326120768567474
2025-01-02 01:25:00,G01,20104762.99436995,13041870.812652018,11464077.033560228,20104765.366,13041866.327,11464085.295,-2.371630050241947,4.485652018338442,-8.261439772322774,9.69520965407922,-3.15786103219673,8.615147512746608,3.131171868725871
2025-01-02 01:30:00,G01,20306250.226536818,13418709.898228366,10644432.878989795,20306252.855,13418705.53,10644441.331,-2.6284631825983524,4.368228366598487,-8.45201020501554,9.870497164313337,-3.18933055381468,8.728194029533054,3.327688968645549
2025-01-02 01:35:00,G01,20494479.333238937,13767765.001174595,9804419.222591007,20494482.222,13767760.754,9804427.847,-2.8887610621750355,4.247174594551325,-8.624408992007375,10.03812049002992,-3.2104956150180457,8.836804840381008,3.5167401228022523
2025-01-02 01:40:00,G01,20667965.687784765,14089147.09897036,8945643.033282472,20667968.842,14089142.977,8945651.808,-3.154215235263109,4.121970359236002,-8.774717528373003,10.194870332452616,-3.2227405637778026,8.937026886155536,3.698496287714336
2025-01-02 01:45:00,G01,20825252.92586001,14383071.192125209,8069747.273286759,20825256.35,14383067.2,8069756.174,-3.424139991402626,3.99212520942092,-8.900713240727782,10.338495759155858,-3.226690918023182,9.02695339414474,3.871314079426924
2025-01-02 01:50:00,G01,20964919.557063457,14649854.62107417,7178407.759211886,20964923.254,14649850.765,7178416.759,-3.6969365440309048,3.856074169278145,-8.999788113869727,10.465793515262764,-3.223065333563554,9.104169010999149,4.032219039047826
2025-01-02 01:55:00,G01,21085585.443558343,14889914.94987224,6273329.959224977,21085589.418,14889911.237,6273339.031,-3.974441658705473,3.712872240692377,-9.071775023825468,10.577273224090463,-3.2159389779748864,9.168419582019482,4.18049371666131
2025-01-02 02:00:00,G01,21185918.11772669,15103767.426052513,5356245.7324353615,21185922.372,15103763.863,5356254.846,-4.254273310303688,3.563052512705326,-9.11356463842094,10.67010988817522,-3.204681154594589,9.217687172048612,4.314569146667063
2025-01-02 02:05:00,G01,21264638.91138768,15292022.02784576,4428910.016729252,21264643.449,15292018.623,4428919.142,-4.537612322717905,3.4048457611352205,-9.125270747579634,10.744927476024882,-3.1937517783359155,9.252176256553106,4.4329054311010925
2025-01-02 02:10:00,G01,21320528.86994141,15455380.111736896,3493097.471409968,21320533.694,15455376.871,3493106.577,-4.824058588594198,3.240736896172166,-9.10559003194794,10.802114919140177,-3.1837116974598665,9.2718701333351,4.536748922338175
2025-01-02 02:15:00,G01,21352434.425708994,15594630.675064951,2550599.081096998,21352439.539,15594627.606,2550608.137,-5.113291006535292,3.069064950570464,-9.055903002154082,10.8431676078883,-3.177972166243065,9.27864916094139,4.624007615857065
2025-01-02 02:20:00,G01,21359272.805768818,15710646.250032743,1603218.7274233387,21359278.211,15710643.358,1603227.7019999998,-5.4052311815321445,2.8920327443629503,-8.974576661130413,10.868459125689418,-3.177472738568892,9.272092662090255,4.696314345105654
2025-01-02 02:25:00,G01,21340037.15071895,15804378.447091913,652769.7351423234,21340042.851,15804375.736,652778.6,-5.700281050056219,2.7110919132828712,-8.864857676555403,10.882505457728062,-3.1842557024477984,9.256461979612912,4.754718948464811
2025-01-02 02:30:00,G01,21293801.322035845,15876853.167180702,-298928.6006857349,21293807.319,15876850.641,-298919.874,-5.996964152902365,2.526180701330304,-8.726685734873172,10.885780261525058,-3.1992623692306354,9.23254917077492,4.798433911627488
2025-01-02 02:35:00,G01,21219724.37703076,15929165.503730625,-1250054.4997127904,21219730.675,15929163.163,-1250045.9370000002,-6.297969240695238,2.3407306242734194,-8.562712790211663,10.884093289742108,-3.22450272806208,9.204315037802994,4.83183749534306
2025-01-02 02:40:00,G01,21117054.69183451,15962474.356696378,-2198787.186783768,21117061.293,15962472.202,-2198778.811,-6.601165492087603,2.1546963788568974,-8.375783767551184,10.879883090353548,-3.259727043899413,9.175354702344508,4.853751306484129
2025-01-02 02:45:00,G01,20985133.71435187,15977996.78211318,-3143310.381118736,20985140.623,15977994.811,-3143302.213,-6.908648129552603,1.9711131788790224,-8.168118736241013,10.878091277023406,-3.30580697320936,9.149115321908718,4.86807959194878
2025-01-02 02:50:00,G01,20823399.330717955,15977002.10183011,-4081815.77743506,20823406.551,15977000.308999998,-4081807.835,-7.220282044261694,1.7928301114588976,-7.942435060162097,10.882508318036502,-3.3614682828301685,9.12920440152655,4.8772067078204415
2025-01-02 02:55:00,G01,20631388.83045433,15960805.7991036,-5012506.512261749,20631396.367,15960804.179,-5012498.808,-7.536545667797327,1.6201036013662815,-7.704261749051511,10.898619425406729,-3.4264940394583525,9.121982945495082,4.881441500162236
2025-01-02 03:00:00,G01,20408741.4572475,15930763.226665404,-5933600.608725737,20408749.316,15930761.769,-5933593.153,-7.858752500265837,1.457665404304862,-7.455725736916065,10.93035340487463,-3.4985341805414745,9.130502881130184,4.885366033442199
2025-01-02 03:05:00,G01,20155200.255954124,15888263.382338438,-6843334.891897596,20155208.721,15888261.848,-6843327.192,-8.465045876801014,1.5343384388834238,-7.699897596612573,11.545545424088942,-3.521816502769303,9.704715712838643,5.168647849632015
2025-01-02 03:10:00,G01,19870614.87993972,15834721.48205736,-7739966.443884296,19870623.676,15834720.017,-7739958.931,-8.796060279011726,1.4650573581457138,-7.512884296476841,11.660210115898987,-3.5177514279396287,9.82053609391183,5.20989401680272
2025-01-02 03:15:00,G01,19554941.165608466,15771573.42126376,-8621778.706249705,19554950.29,15771572.022,-8621771.404,-9.124391533434393,1.399263760074973,-7.302249705418944,11.770102407624131,-3.5164707923486263,9.935529486431516,5.239751680830714
2025-01-02 03:20:00,G01,19208243.038817164,15700268.33099852,-9487083.029271172,19208252.49,15700266.995,-9487075.96,-9.451182834804058,1.3359985202550888,-7.069271171465516,11.877893075740836,-3.5202075858446213,10.05205854698258,5.258193743038433
2025-01-02 03:25:00,G01,18830692.587729428,15622261.920707174,-10334222.31973279,18830702.363,15622260.645,-10334215.506,-9.775270573794842,1.2757071740925312,-6.8137327916920185,11.983751421884117,-3.52900406616212,10.170235445448853,5.265238781542256
2025-01-02 03:30:00,G01,18422569.95563755,15539009.656878104,-11161574.218789944,18422580.05,15539008.439,-11161567.681,-10.094362448900938,1.2178781051188707,-6.537789944559336,12.088096528729842,-3.5417036282473138,10.291755155173684,5.259105334893581
2025-01-02 03:35:00,G01,17984262.780036896,15451959.956268905,-11967554.213210164,17984273.19,15451958.794,-11967547.973,-10.409963104873896,1.1622689049690962,-6.24021016433835,12.192556079321738,-3.5608897625456164,10.416826168818282,5.241013300405365
2025-01-02 03:40:00,G01,17516265.18007397,15362547.423342597,-12750618.673989538,17516275.901,15362546.314,-12750612.751,-10.7209260314703,1.109342597424984,-5.922989537939429,12.298402377433382,-3.5854102635061107,10.547281024832582,5.21060430879286
2025-01-02 03:45:00,G01,17019176.29643288,15272186.161340028,-13509267.81649118,17019187.322,15272185.101,-13509262.229,-11.02556712180376,1.060340028256178,-5.587491178885102,12.405946517982462,-3.613418392118408,10.683773433466868,5.167949472749246
2025-01-02 03:50:00,G01,16493698.389650725,15182263.186088989,-14242048.576411672,16493709.715000002,15182262.172,-14242043.341,-11.32534927688539,1.0140889883041382,-5.235411671921611,12.518044899030407,-3.6461454369280726,10.829025380156327,5.112658883872453
2025-01-02 03:55:00,G01,15940634.50475416,15094131.971196689,-14947557.39605122,15940646.122,15094130.999000002,-14947552.528,-11.61724583990872,0.9721966870129108,-4.868051219731569,12.633427483507608,-3.680389729931665,10.982413956210998,5.04428440031694
2025-01-02 04:00:00,G01,15360885.711971069,15009106.152699947,-15624442.915543731,15360897.614,15009105.218,-15624438.429,-11.902028931304812,0.934699947014451,-4.486543731763959,12.753863388385344,-3.7162167224790847,11.145353570991642,4.963049302469878
2025-01-02 04:05:00,G01,14755447.935096018,14928453.420546442,-16271408.56389347,14755460.113,14928452.519,-16271404.471,-12.177903981879354,0.9015464428812264,-4.092893470078707,12.878893909725234,-3.7515551610822455,11.318094791738655,4.867491396657334
2025-01-02 04:10:00,G01,14125408.380856138,14853389.623468362,-16887215.044864066,14125420.827,14853388.749,-16887211.357,-12.446143861860037,0.8744683619588614,-3.687864065170288,13.010439397243951,-3.7856907419321386,11.501667846032374,4.759381858534984
2025-01-02 04:15:00,G01,13471941.584339272,14785073.112876544,-17470682.712974727,13471954.289,14785072.261,-17470679.44,-12.7046607285738,0.8518765438348055,-3.2729747258126736,13.147108481712236,-3.817352096053845,11.69540142491568,4.635932475213961
2025-01-02 04:20:00,G01,12796305.087190524,14724599.350365724,-18020693.83507437,12796318.039,14724598.515,-18020690.985,-12.951809477061031,0.8353657238185406,-2.8500743694603443,13.287969315665718,-3.8435261410814814,11.898461584175802,4.497115438454923
2025-01-02 04:25:00,G01,12099834.766859813,14672995.80227206,-18536194.73318923,12099847.956,14672994.978,-18536192.314,-13.189140187576411,0.8242720607668161,-2.419189229607582,13.43448249268848,-3.865199058395715,12.111303700392984,4.343026451931575
2025-01-02 04:30:00,G01,11383939.836675474,14631217.143480351,-19016197.804570977,11383953.25,14631216.324,-19016195.823,-13.41332452557981,0.8194803521037102,-1.981570977717638,13.583646285726736,-3.879358147812901,12.331007633704417,4.172802117793123
2025-01-02 04:35:00,G01,10650097.537930897,14600140.791332612,-19459783.41511015,10650111.163,14600139.97,-19459781.876,-13.625069104135036,0.821332611143589,-1.5391101501882076,13.736300644824118,-3.884713686227044,12.558003450976504,3.9864149691543553
2025-01-02 04:40:00,G01,9899847.546485825,14580562.789061258,-19866101.66252445,9899861.369,14580561.961,-19866100.572,-13.822514176368712,0.8280612584203482,-1.0905244499444962,13.89017016380784,-3.8823588131809297,12.788836231949531,3.7828276537041305
2025-01-02 04:45:00,G01,9134786.11760814,14573194.05665213,-20234374.005981177,9134800.123000002,14573193.216,-20234373.369,-14.005391862243414,0.8406521305441856,-0.6369811780750751,14.045050453480204,-3.8708493716087977,13.022503423432427,3.5629162170630515
2025-01-02 04:50:00,G01,8356559.993897049,14578657.02545388,-20563894.7590681,8356574.165,14578656.168,-20563894.58,-14.171102951280773,0.8574538808315992,-0.1790681034326553,14.19814957658986,-3.849879604337908,13.25549249825027,3.325326609545685
2025-01-02 04:55:00,G01,7566860.102143869,14597482.671186533,-20854032.443287306,7566874.422,14597481.794,-20854032.727,-14.319856131449342,0.8771865330636501,0.2837126962840557,14.349502734702282,-3.820884678493132,13.48631901340473,3.070548562645258
2025-01-02 05:00:00,G01,6767415.065885593,14630107.95827984,-21104230.999510065,6767429.516,14630107.058,-21104231.751,-14.450114406645298,0.9002798404544592,0.7514899335801601,14.497622124905138,-3.7836330517062375,13.712167046688762,2.8002933936068044
2025-01-02 05:05:00,G01,5959984.794942932,14676873.705102118,-21314010.752333287,5959999.121,14676872.784,-21314012.081,-14.32605706807226,0.9211021177470684,1.3286667130887508,14.416993287903388,-3.77254624394985,13.678637756025658,2.5519520842172163
2025-01-02 05:10:00,G01,5146352.761413088,14738022.85717951,-21482969.703371547,5146367.193,14738021.946,-21482971.55,-14.431586911901832,0.9111795090138912,1.8466284535825253,14.577756533122772,-3.784943031898391,13.895719740746276,2.257025624781801
2025-01-02 05:15:00,G01,4328320.569607445,14813699.31325792,-21610783.80708317,4328335.092,14813698.413,-21610786.174,-14.52239255513996,0.9002579189836979,2.3669168278574944,14.741527909829168,-3.7909937424748703,14.112024330066752,1.947249565000032
2025-01-02 05:20:00,G01,3507700.04699924,14903947.01626307,-21697207.88280848,3507714.6440000003,14903946.129,-21697210.772,-14.597000760491936,0.8872630689293146,2.8891915194690228,14.90661244520229,-3.790753632384898,14.324888203554195,1.6232250138826148
2025-01-02 05:25:00,G01,2686306.500873912,15008709.61524719,-21742076.02527804,2686321.156,15008708.743,-21742079.437,-14.655126087833196,0.872247189283371,3.411721959710121,15.072271976708423,-3.7828292796126064,14.53306046278394,1.2859777471799227
2025-01-02 05:30:00,G01,1865951.7225773688,15127830.54671952,-21745301.92524195,1865966.417,15127829.694,-21745305.859,-14.694422631058842,0.8527195192873478,3.9337580502033234,15.235735605355174,-3.767976572700949,14.732780607820343,0.9355038993488454
2025-01-02 05:35:00,G01,1048437.0100122356,15261053.565882947,-21706879.037793413,1048451.723,15261052.736,-21706883.492,-14.712987764389254,0.8298829477280378,4.454206585884094,15.394826110473964,-3.744926413411921,14.921309567256076,0.5750808012556357
2025-01-02 05:40:00,G01,235546.2380136596,15408023.725584555,-21626880.59804206,235560.948,15408022.925,-21626885.57,-14.709986340400064,0.8005845546722412,4.971957940608263,15.548151000267325,-3.7151746349551855,15.096376295765172,0.2046941512569589
2025-01-02 05:45:00,G01,-570960.9939683173,15568288.798852356,-21505459.484077062,-570946.31,15568288.034,-21505464.971,-14.6839683172293,0.7648523561656475,5.486922938376665,15.694274369967223,-3.679405773173561,15.255903838054476,-0.1721024119000929
2025-01-02 05:50:00,G01,-1369356.107782315,15741301.138971455,-21342847.927445088,-1369341.473,15741300.418,-21342853.924,-14.634782314999027,0.7209714557975531,5.996554911136627,15.832097904250087,-3.637494290681425,15.39858427100054,-0.5545825312022887
2025-01-02 05:55:00,G01,-2157948.1574420235,15926419.969160262,-21139357.0716531,-2157933.597,15926419.301,-21139363.573,-14.56044202344492,0.6681602615863085,6.50134689733386,15.959963080556811,-3.59147598770698,15.52225106342119,-0.9388523241599228
2025-01-02 06:00:00,G01,-2935090.276878653,16122914.092046972,-20895376.37949092,-2935075.815,16122913.488,-20895383.379,-14.461878653150052,0.6040469724684954,6.999509081244469,16.078057541314166,-3.5424935375789124,15.626931266723718,-1.3242707514377745
2025-01-02 06:05:00,G01,-3699185.937208484,16329965.007328557,-20611372.89025252,-3699171.6,16329964.479,-20611380.38,-14.33720848383382,0.5283285565674305,7.489747479557991,16.184282359133086,-3.491238028811726,15.710743825516452,-1.707272958645394
2025-01-02 06:10:00,G01,-4448694.986959889,16546670.424224516,-20287890.32821788,-4448680.799,16546669.985,-20287898.3,-14.18795988894999,0.4392245169728994,7.971782121807337,16.280062474828867,-3.4398192676093107,15.77516703464383,-2.0861885388433263
2025-01-02 06:15:00,G01,-5182139.449629195,16772048.153625395,-19925548.06403913,-5182125.436000001,16772047.818,-19925556.508,-14.01362919434905,0.3356253951787948,8.44396087154746,16.36444080324242,-3.389196100369491,15.819684435690917,-2.4588324365894385
2025-01-02 06:20:00,G01,-5898109.053974718,17005040.36318718,-19525039.93095401,-5898095.238,17005040.147,-19525048.837,-13.815974717959762,0.2161871790885925,8.906045991927385,16.439146860893707,-3.341201937959771,15.846412657867678,-2.8236722544191237
2025-01-02 06:25:00,G01,-6595266.473600326,17244518.177044958,-19087132.89802722,-6595252.8780000005,17244518.097,-19087142.255,-13.595600325614214,0.0800449587404728,9.35697278007865,16.504535589237094,-3.2969219395138816,15.856364593868992,-3.1789467764408545
2025-01-02 06:30:00,G01,-7272352.253624913,17489286.600319955,-18612665.602894533,-7272338.899999999,17489286.674,-18612675.398,-13.353624913841486,-0.07368004322052,9.795105464756489,16.561063315923874,-3.2569409383651378,15.850714123523716,-3.523636708340764
2025-01-02 06:35:00,G01,-7928189.403574525,17738089.74717907,-18102546.74675595,-7928176.312,17738089.993,-18102556.967,-13.0915745254606,-0.2458209320902824,10.22024405002594,16.61033232444292,-3.222699706017934,15.831751759547672,-3.8565506294258016
2025-01-02 06:40:00,G01,-8561687.637064891,17989616.34988151,-17557753.35463115,-8561674.824,17989616.786,-17557763.986,-12.813064891844988,-0.4361184872686863,10.631368853151798,16.655054336426954,-3.1935692537524982,15.80311643196038,-4.1777340040654565
2025-01-02 06:45:00,G01,-9171847.240357298,18242505.525019884,-16979328.904153973,-9171834.721,18242506.171,-16979339.932,-12.519357297569512,-0.6459801159799099,11.027846027165651,16.696256629955162,-3.170848672246929,15.766293219435749,-4.487170853645525
2025-01-02 06:50:00,G01,-9757762.553463817,18495352.77203747,-16368381.326440403,-9757750.34,18495353.646,-16368392.736,-12.213463816791773,-0.8739625327289104,11.409559596329927,16.7365037894687,-3.153515894145899,15.725064206701868,-4.784166833981974
2025-01-02 06:55:00,G01,-10318625.049143914,18746716.178084232,-15726080.882817367,-10318613.152,18746717.299,-15726092.658,-11.897143913432956,-1.1209157668054104,11.775182632729411,16.776573293951902,-3.141623653819857,15.680676540821496,-5.069516301110996
2025-01-02 07:00:00,G01,-10853725.996861205,18995122.80236867,-15053657.92144616,-10853714.421999998,18995124.188,-15053670.046,-11.574861206114292,-1.3856313303112984,12.124553840607405,16.819696547742403,-3.1333205901692707,15.63720157081607,-5.344382197319572
2025-01-02 07:05:00,G01,-11362459.07711248,19239075.24871631,-14352400.32285208,-11362447.453000002,19239076.88,-14352412.976,-11.624112477526069,-1.631283689290285,12.653147919103503,17.259294007225066,-3.0467013819058977,15.967415384352066,-5.800214328874821
2025-01-02 07:10:00,G01,-11844320.686133198,19477058.22051508,-13623651.840104254,-11844309.38,19477060.11,-13623664.781,-11.306133197620513,-1.8894849196076395,12.940895745530725,17.287729285260585,-2.9819702408427373,15.916154179014054,-6.053880860492571
2025-01-02 07:15:00,G01,-12298913.513983626,19707545.3674598,-12868808.265766617,-12298902.539,19707547.535,-12868821.472,-10.974983625113964,-2.167540200054645,13.206233382225037,17.307602267101228,-2.9252647998096424,15.856142096433553,-6.291158868195105
2025-01-02 07:20:00,G01,-12725946.003770163,19929006.08812674,-12089315.613675576,-12725935.369,19929008.553,-12089329.064,-10.634770162403584,-2.464873258024454,13.450324423611164,17.322966365079182,-2.8764879252262583,15.792043785793709,-6.513242968695899
2025-01-02 07:25:00,G01,-13125233.164752856,20139912.37929729,-11286667.123733126,-13125222.878,20139915.161,-11286680.798,-10.286752855405211,-2.78170270845294,13.674266874790192,17.336110545026703,-2.837078004819654,15.72678949742404,-6.720104859871417
2025-01-02 07:30:00,G01,-13496696.577565484,20338745.697799124,-10462400.395485988,-13496686.645,20338748.817,-10462414.272,-9.932565484195948,-3.119200877845288,13.876514011994004,17.347706255850007,-2.80773672033057,15.660941125838209,-6.91335301439138
2025-01-02 07:35:00,G01,-13840363.946089154,20524003.798664574,-9618094.436106743,-13840354.369,20524007.274,-9618108.494,-9.57708915323019,-3.4753354266285896,14.057893257588148,17.361536677905022,-2.7859541055172703,15.598874167374596,-7.094824892173611
2025-01-02 07:40:00,G01,-14156368.198264224,20694207.519914657,-8755366.628494116,-14156358.978,20694211.369,-8755380.847000001,-9.220264224335551,-3.8490853421390057,14.218505885452032,17.377992978254582,-2.7719624124090214,15.541946788198146,-7.263522173799316
2025-01-02 07:45:00,G01,-14444946.140076304,20847907.48449824,-7875869.625373858,-14444937.274,20847911.726,-7875883.984,-8.866076303645968,-4.24150175973773,14.358626142144203,17.400223874703386,-2.76540905119404,15.492590203537834,-7.422934221358517
2025-01-02 07:50:00,G01,-14706436.668882158,20983690.69026709,-6981288.175435601,-14706428.152,20983695.34,-6981302.652000001,-8.516882156953216,-4.649732910096645,14.476564399898052,17.42780005149989,-2.7630334766148965,15.451172729629654,-7.573316441382451
2025-01-02 07:55:00,G01,-14941278.55415,21100186.95934377,-6073335.887680798,-14941270.38,21100192.032,-6073350.461,-8.174149999395013,-5.072656232863665,14.573319202288983,17.46225077248706,-2.764130562227031,15.41978236040589,-7.714926845661129
2025-01-02 08:00:00,G01,-15150007.79556024,21196075.21884163,-5153751.940284847,-15149999.956,21196080.728,-5153766.588,-7.839560240507126,-5.509158369153738,14.647715153172612,17.503287974247563,-2.7672473648187195,15.398313693408369,-7.848526443271729
2025-01-02 08:05:00,G01,-15333254.5702391,21270089.58562326,-4224297.74039055,-15333247.055,21270095.543,-4224312.442000001,-7.515239100903273,-5.95737674087286,14.701609450392423,17.552962052266455,-2.7706495075809507,15.389547092704092,-7.97444784269674
2025-01-02 08:10:00,G01,-15491739.782677004,21321025.22862725,-3286753.541350581,-15491732.58,21321031.644,-3286768.273,-7.202677004039288,-6.415372751653194,14.731649418827146,17.60843713014874,-2.771934378380881,15.390772338214347,-8.09305657966179
2025-01-02 08:15:00,G01,-15626271.23260193,21347743.9832538,-2342915.024022674,-15626264.33,21347750.865,-2342929.764,-6.90260192938149,-6.881746198982,14.739977325778456,17.671199045542078,-2.770505184776849,15.404309431512536,-8.203830060801222
2025-01-02 08:20:00,G01,-15737739.417727074,21349179.693373725,-1394589.8487934736,-15737732.802,21349187.047,-1394604.573,-6.615727074444294,-7.353626273572445,14.724206526530908,17.738261525043697,-2.7640484396854235,15.427880181727415,-8.305809488074036
2025-01-02 08:25:00,G01,-15827112.98987163,21324343.25770306,-443594.1850641817,-15827106.646,21324351.088,-443608.87,-6.343871630728245,-7.830296941101551,14.684935818309896,17.8102666302575,-2.751725704585949,15.46205846513612,-8.399901851110965
2025-01-02 08:30:00,G01,-15895433.884449678,21272327.35856578,508250.7750265819,-15895427.797,21272335.667,508236.155,-6.087449677288532,-8.308434218168259,14.620026581862476,17.88385584781746,-2.731426080789824,15.504297656340398,-8.484595790860855
2025-01-02 08:35:00,G01,-15943812.144728238,21192310.85244577,1459122.311839294,-15943806.3,21192319.639,1459107.781,-5.844728237017989,-8.786554228514433,14.530839293962345,17.95855433942778,-2.7039698235398597,15.55532524795785,-8.557457425299365
2025-01-02 08:40:00,G01,-15973420.463572107,21083562.80319262,2407199.6756138927,-15973414.847,21083572.067,2407185.261,-5.616572108119726,-9.263807382434608,14.41461389278993,18.031780365309768,-2.669362366328799,15.611980933265825,-8.618912868763832
2025-01-02 08:45:00,G01,-15985488.466607254,20945446.14029561,3350667.579180272,-15985483.065,20945455.878,3350653.308,-5.401607254520059,-9.737704388797283,14.271180271636696,18.101569933053817,-2.6277691035212527,15.67336419420005,-8.666447854558696
2025-01-02 08:50:00,G01,-15981296.761842106,20777420.92626598,4287719.679203081,-15981291.562,20777431.132000003,4287705.58,-5.199842104688287,-10.205734021961687,14.099203080870211,18.1654312460876,-2.5787983011671964,15.73731166150502,-8.698834022263597
2025-01-02 08:55:00,G01,-15962170.781786872,20579047.218859788,5216562.039196405,-15962165.771,20579057.886,5216548.141,-5.01078687235713,-10.66714021191001,13.89819640479982,18.222396348645383,-2.5238285012480914,15.802718718033802,-8.71550913613867
2025-01-02 09:00:00,G01,-15929474.444996491,20349987.51562818,6135416.567591105,-15929469.613,20349998.636,6135402.9,-4.83199649117887,-11.12037181854248,13.667591104283929,18.270574869644904,-2.4649291835211216,15.868338318392686,-8.714004200168603
2025-01-02 09:05:00,G01,-15884603.48818348,20090008.978701364,7042524.0212210445,-15884599.002,20090020.335,7042511.018999999,-4.486183479428291,-11.35629863664508,13.002221045084298,17.83673493218406,-2.4591289788959654,15.49532559922828,-8.485085873463511
2025-01-02 09:10:00,G01,-15828979.54441416,19798984.11625608,7936149.012115728,-15828975.231,19798995.969,7936136.279,-4.3134141601622105,-11.852743919938804,12.733115728013216,17.922759728672137,-2.460048286206661,15.599991804690829,-8.474298461514218
2025-01-02 09:15:00,G01,-15764042.416513853,19476893.351879463,8814580.845208429,-15764038.261,19476905.697,8814568.402,-4.1555138528347015,-12.345120538026094,12.443208428099751,18.013987134019704,-2.4567059762187933,15.717695259551515,-8.451176482532478
2025-01-02 09:20:00,G01,-15691243.953874284,19123824.70108309,9676138.45841586,-15691239.944,19123837.53,9676126.328,-4.0098742842674255,-12.828916911035776,12.130415860563517,18.105446413609908,-2.448674504243799,15.84483086048542,-8.411451599514505
2025-01-02 09:25:00,G01,-15612041.080094486,18739974.26792891,10519173.220739575,-15612037.201,18739987.57,10519161.429,-3.879094487056136,-13.30207109078765,11.79173957556486,18.19443847888196,-2.435028558177668,15.977217597226064,-8.356838237848654
2025-01-02 09:30:00,G01,-15527888.970762514,18325646.02469107,11342072.084003534,-15527885.212,18325659.787,11342060.657,-3.758762514218688,-13.762308929115534,11.427003534510732,18.278562647988203,-2.4181096368651387,16.11366149218394,-8.283025508583075
2025-01-02 09:35:00,G01,-15440234.253652332,17881251.138804395,12143260.665090872,-15440230.603,17881265.345,12143249.629,-3.6506523322314015,-14.20619560405612,11.036090871319177,18.355886187039417,-2.3959479796684207,16.251726749323304,-8.190199549192718
2025-01-02 09:40:00,G01,-15350508.260888517,17407306.849840347,12921206.252821734,-15350504.708,17407321.481,12921195.636,-3.5528885163366795,-14.631159652024508,10.61682173423469,18.423103791409986,-2.370510533478808,16.387687929013435,-8.076825952129859
2025-01-02 09:45:00,G01,-15260120.362384982,16904434.901183933,13674420.733775936,-15260116.898,16904449.937000003,13674410.564,-3.4643849823623896,-15.035816069692371,10.169775936752558,18.479774641250064,-2.343046645596093,16.520651224032562,-7.942309887043012
2025-01-02 09:50:00,G01,-15170451.409492526,16373359.532993086,14401463.431536363,-15170448.025,16373374.951,14401453.738,-3.384492525830865,-15.418006913736464,9.69353636354208,18.523886581404643,-2.3151689888540226,16.647540390183877,-7.786768623183052
2025-01-02 09:55:00,G01,-15082847.317290016,15814905.04490325,15100943.854010956,-15082844.006,15814920.819,15100934.664,-3.311290016397834,-15.774096749722958,9.190010955557227,18.55378859439705,-2.286735278913797,16.767017212127293,-7.607959435878733
2025-01-02 10:00:00,G01,-14998612.813336983,15229992.93877789,15771524.343681963,-14998609.568,15230009.044,15771515.685,-3.2453369833529,-16.10522210970521,8.658681962639093,18.57103025328932,-2.260440414813198,16.878406666353122,-7.408978485923198
2025-01-02 10:05:00,G01,-14919005.379964758,14619638.65360011,16411922.625831312,-14919002.196,14619655.061,16411914.524,-3.18396475724876,-16.40739989094436,8.101831311360002,18.57363920599559,-2.2361738582993125,16.980114884699443,-7.187162049958504
2025-01-02 10:10:00,G01,-14845229.41633035,13984947.906339474,17020914.249997716,-14845226.289,13984964.588,17020906.731,-3.1273303497582674,-16.681660525500774,7.518997717648745,18.563224926789445,-2.216733054341666,17.071533183024755,-6.945658286242621
2025-01-02 10:15:00,G01,-14778430.645489275,13327112.654306397,17597334.92013681,-14778427.572,13327129.58,17597328.006,-3.073489274829626,-16.925693603232503,6.914136808365583,18.53997648536249,-2.2013937835587862,17.152912785160236,-6.682976617659929
2025-01-02 10:20:00,G01,-14719690.790671805,12647406.696115106,18140082.70917706,-14719687.769,12647423.837,18140076.422,-3.0216718055307865,-17.140884893015027,6.287177059799433,18.505918804458176,-2.193130965505456,17.224309746028243,-6.401746725559848
2025-01-02 10:25:00,G01,-14670022.54377004,11947180.92991094,18648120.15389193,-14670019.572,11947198.257,18648114.512,-2.9717700388282537,-17.327089060097933,5.641891930252314,18.463216865240167,-2.1909911728544644,17.28707616871389,-6.103026481217909
2025-01-02 10:30:00,G01,-14630364.847770289,11227858.288970452,19120476.2262432,-14630361.925,11227875.773,19120471.247,-2.9227702878415585,-17.484029548242688,4.979243200272322,18.412678736315662,-2.1961831410018675,17.340693164601376,-5.7882534869420885
2025-01-02 10:35:00,G01,-14601578.513501031,10490928.376147827,19556248.1775884,-14601575.64,10490945.989,19556243.874,-2.873501030728221,-17.61285217292607,4.303588397800922,18.357299445632776,-2.207990089964857,17.387604060613025,-5.457696192588943
2025-01-02 10:40:00,G01,-14584442.189615114,9737941.819915105,19954603.252389405,-14584439.366,9737959.536,19954599.637,-2.823615113273263,-17.716084895655513,3.615389406681061,18.30036903726043,-2.2282388285554067,17.429363728209957,-5.114268144377795
2025-01-02 10:45:00,G01,-14579648.703196626,8970504.37591645,20314780.268307023,-14579645.931,8970522.17,20314777.349,-2.772196626290679,-17.794083550572395,2.9193070232868195,18.24381640545037,-2.254784305512208,17.467627647154963,-4.757601197215214
2025-01-02 10:50:00,G01,-14587801.786779432,8190270.799031093,20636091.059817467,-14587799.068,8190288.649,20636088.842,-2.718779431656003,-17.849968907423317,2.217817466706037,18.191532808139105,-2.2874783638490763,17.505280010131887,-4.389132079511912
2025-01-02 10:55:00,G01,-14609413.20589719,7398938.511902167,20917921.782742023,-14609410.542,7398956.398,20917920.271,-2.6638971902430058,-17.88609783258289,1.5117420218884945,18.146465437039097,-2.326228405662219,17.54398147033441,-4.011431593696651
2025-01-02 11:00:00,G01,-14644900.299556656,6598241.096745765,21159734.07733862,-14644897.693,6598259.001,21159733.273,-2.6065566558390856,-17.904254235327244,0.8043386228382587,18.1108646382088,-2.369378786961183,17.58565444057923,-3.624116444591173
2025-01-02 11:05:00,G01,-14694584.096595608,5789941.222300815,21361066.20693252,-14694581.396,5789959.546,21361065.989,-2.7005956079810858,-18.3236991846934,0.2179325185716152,18.5229226374142,-2.324558056593393,18.07475927860373,-3.3163488799712075
2025-01-02 11:10:00,G01,-14758687.136865364,4975825.5282095205,21521533.48440087,-14758684.463,4975843.844,21521533.942,-2.673865364864469,-18.31579047907144,-0.4575991332530975,18.51559164135513,-2.3158146675468174,18.138770511930364,-2.9067405406262727
2025-01-02 11:15:00,G01,-14837333.110418094,4157695.276905589,21640829.618095715,-14837330.473,4157713.559,21640830.757,-2.63741809502244,-18.28209441108629,-1.13890428468585,18.506432752788967,-2.315969074202968,18.191570126520407,-2.488195493269326
2025-01-02 11:20:00,G01,-14930545.64475458,3337361.050746969,21718726.92050752,-14930543.054,3337379.275,21718728.746,-2.590754579752684,-18.22425303095952,-1.8254924789071083,18.497779072620936,-2.325785143495618,18.23461652644538,-2.0633260089654457
2025-01-02 11:25:00,G01,-15038248.14420921,2516635.383416992,21755076.819072604,-15038245.612,2516653.527,21755079.334,-2.5322092100977898,-18.14358300762251,-2.514927394688129,18.491255977860053,-2.344838420183065,18.269190016391832,-1.6324755945947678
2025-01-02 11:30:00,G01,-15160263.965993656,1697325.787585179,21749810.13596228,-15160261.505,1697343.828,21749813.344,-2.460993655025959,-18.04041482089088,-3.208037719130516,18.48795723402836,-2.3746503883158203,18.295604430396956,-1.1985227352755732
2025-01-02 11:35:00,G01,-15296317.044209631,881227.8075892564,21702937.21735785,-15296314.667,881245.726,21702941.118,-2.3772096317261457,-17.91841074358672,-3.900642149150372,18.491500165881185,-2.412200352015512,18.317668131416127,-0.761513016186872
2025-01-02 11:40:00,G01,-15446032.959203538,70118.126502648,21614547.911988337,-15446030.68,70135.903,21614552.505,-2.279203537851572,-17.776497352009756,-4.593011662364006,18.5011995017506,-2.4586700555217877,18.33425560610926,-0.3231035925341592
2025-01-02 11:45:00,G01,-15608940.44772566,-734252.2432840294,21484811.39897804,-15608938.28,-734234.626,21484816.682,-2.167725659906864,-17.617284029372968,-5.283021960407496,18.51966663151273,-2.5119533533336176,18.348156388143003,0.11532410541413
2025-01-02 11:50:00,G01,-15784473.347465014,-1530164.6571950414,21313975.865320805,-15784471.305,-1530147.215,21313981.834,-2.042465014383197,-17.442195041337982,-5.968679193407297,18.54796383727518,-2.570457926997181,18.36065490609087,0.5532268737564117
2025-01-02 11:55:00,G01,-15971972.96766702,-2315939.3950226028,21102368.03356753,-15971971.065,-2315922.1440000003,21102374.682,-1.9026670213788748,-17.251022602431476,-6.648432470858097,18.58546682070173,-2.633256623488243,18.37133197322436,0.9897969629396126
2025-01-02 12:00:00,G01,-16170690.875711644,-3089942.049206605,20850392.54058261,-16170689.127,-3089925.004,20850399.861,-1.7487116437405348,-17.045206604991108,-7.320417392998934,18.632916342524258,-2.69841320064894,18.381404799273884,1.4241120852314264
2025-01-02 12:05:00,G01,-16379792.087742852,-3850589.717859858,20558531.168493424,-16379790.509,-3850572.894,20558539.151,-1.578742852434516,-16.823859858326614,-7.982506576925516,18.68836806083896,-2.765428154020243,18.389175434814216,1.8562690349093511
2025-01-02 12:10:00,G01,-16598358.649702536,-4596356.976388915,20227341.92922387,-16598357.255,-4596340.387999999,20227350.563,-1.394702535122633,-16.588388916105032,-8.633776132017374,18.7526513403099,-2.832245060436689,18.396323120945663,2.2837722825664617
2025-01-02 12:15:00,G01,-16825393.593442664,-5325781.602496895,19857458.00426951,-16825392.395999998,-5325765.261,19857467.275,-1.197442665696144,-16.341496895067394,-9.2707304880023,18.82617415967201,-2.8951850637190626,18.40419570614668,2.7070865052621595
2025-01-02 12:20:00,G01,-17059825.25097317,-6037470.03040369,19449586.54163508,-17059824.266,-6037453.947,19449596.435,-0.984973169863224,-16.083403690718114,-9.893364917486906,18.908323982165,-2.955446923815895,18.412446582486748,3.125997463545903
2025-01-02 12:25:00,G01,-17300511.9083579,-6730102.51126617,19004507.312118206,-17300511.15,-6730086.697,19004517.812,-0.7583579011261463,-15.81426617037505,-10.49988179281354,18.997727202924207,-3.011090620051352,18.420726342761217,3.5388999928887808
2025-01-02 12:30:00,G01,-17546246.779304642,-7402437.958028273,18523071.227382176,-17546246.261,-7402422.425,18523082.314,-0.5183046422898769,-15.533028272911906,-11.086617823690176,19.09074911568073,-3.059584132059868,18.426515748729088,3.9445106285255314
2025-01-02 12:35:00,G01,-17795763.27711087,-8053318.454270425,18006198.722518012,-17795763.013,-8053303.211999999,18006210.377,-0.2641108706593513,-15.242270425893366,-11.65448198840022,19.18915091154398,-3.10176289385245,18.4321673711599,4.34255519917452
2025-01-02 12:40:00,G01,-18047740.562333416,-8681673.40805643,17454878.006049708,-18047740.567,-8681658.467,17454890.208,0.0046665854752063,-14.941056430339811,-12.201950293034317,19.290484182241222,-3.1376198547263607,18.436087374582435,4.7316808799081
2025-01-02 12:45:00,G01,-18300809.342352927,-9286523.333282871,16870163.180586375,-18300809.63,-9286508.704,16870175.906,0.2876470722258091,-14.62928287126124,-12.725413624197245,19.39161700509894,-3.1652721723861577,18.436165528152564,5.111131260857938
2025-01-02 12:50:00,G01,-18553557.89790488,-9866983.242623646,16253172.237571768,-18553558.484,-9866968.936,16253185.464,0.5860951207578182,-14.30662364512682,-13.226428231224418,19.492598373988223,-3.1876237561281924,18.43311798029976,5.479106467602637
2025-01-02 12:55:00,G01,-18804538.31065864,-10422265.63781355,15605084.929822206,-18804539.21,-10422251.664,15605098.632,0.8993413597345352,-13.97381354868412,-13.702177792787552,19.591476622242578,-3.203225466447094,18.426061750978167,5.8348565706554885
2025-01-02 13:00:00,G01,-19052272.865042657,-10951683.084732182,14927140.525781387,-19052274.094,-10951669.454,14927154.678,1.2289573438465595,-13.63073218241334,-14.15221861191094,19.68736873279392,-3.214174849524876,18.414600662833827,6.177705891836635
2025-01-02 13:05:00,G01,-19295260.5466334,-11454649.832265668,14220635.779612817,-19295262.173,-11454637.086,14220650.026,1.626366600394249,-12.746265668421984,-14.24638718366623,19.18520014479391,-3.311405860087887,17.83460612943649,6.247665166559595
2025-01-02 13:10:00,G01,-19531983.861152984,-11930685.714846049,13486921.044419384,-19531985.901,-11930673.266,13486935.786,2.0398470163345337,-12.448846047744157,-14.741580616682768,19.40229220604208,-3.3930169477081358,17.926375130327386,6.601625067207808
2025-01-02 13:15:00,G01,-19760915.43687144,-12379414.05264198,12727399.959244432,-19760917.908,-12379401.899,12727415.179,2.471128560602665,-12.1536419801414,-15.219755567610264,19.63309576409908,-3.466329884025983,18.03090639835858,6.951936483529254
2025-01-02 13:20:00,G01,-19980524.897005096,-12800564.77388148,11943525.18641442,-19980527.818,-12800552.918,11943540.863,2.9209949038922787,-11.855881480500102,-15.676585579290986,19.87081961905608,-3.532222371607616,18.142413352322944,7.2955956031041715
2025-01-02 13:25:00,G01,-20189285.705523245,-13193974.206191018,11136796.054422632,-20189289.094,-13193962.652,11136812.162,3.388476755470037,-11.554191017523408,-16.107577368617058,20.110573176261383,-3.589356663423291,18.257188757892926,7.630644198176895
2025-01-02 13:30:00,G01,-20385682.01701184,-13559584.999288604,10308755.697345512,-20385685.888,-13559573.752,10308772.207,3.870988160371781,-11.24728860333562,-16.509654488414526,20.34833510612816,-3.63628483956633,18.373117291834618,7.953661743958913
2025-01-02 13:35:00,G01,-20568215.49842139,-13897445.596420636,9460988.109545512,-20568219.868,-13897434.663,9461004.986,4.3695786111056805,-10.93342063575983,-16.87645448744297,20.57784294098449,-3.673858602658495,18.484178484900987,8.26350584254774
2025-01-02 13:40:00,G01,-20735412.09317457,-14207709.257070702,8595115.121233923,-20735416.976,-14207698.645,8595132.328,4.882825430482626,-10.612070702016354,-17.206766076385975,20.797375497322463,-3.702963208259377,18.590049749194137,8.557391038008797
2025-01-02 13:45:00,G01,-20885828.698337656,-14490632.635398049,7712793.30063126,-20885834.108,-14490622.353,7712810.796,5.409662343561649,-10.282398048788307,-17.49536874052137,21.00190666753585,-3.723942166425638,18.68656089949357,8.83316365536843
2025-01-02 13:50:00,G01,-21018059.725913923,-14746573.920777855,6815710.788619645,-21018065.674,-14746563.978,6815728.528,5.948086075484753,-9.942777855321763,-17.739380354993045,21.187830819146296,-3.738151785743628,18.771655550325143,9.087097663580742
2025-01-02 13:55:00,G01,-21130743.51979872,-14975990.548700755,5905584.071924006,-21130750.018,-14975980.953,5905602.009000001,6.498201280832291,-9.59570075571537,-17.93707599490881,21.355158349367976,-3.7469790855397,18.84520677510822,9.319931194087436
2025-01-02 14:00:00,G01,-21222568.60053945,-15179436.492143836,4984154.700991834,-21222575.66,-15179427.252,4984172.786,7.059460550546646,-9.240143835544586,-18.085008166730404,21.500785142803096,-3.75312609873448,18.90461609892873,9.529601061749906
2025-01-02 14:05:00,G01,-21292279.71077093,-15357559.145334192,4053185.958861042,-21292287.34,-15357550.268,4053204.143,7.629229068756103,-8.87733419239521,-18.184138958342373,21.62579728480148,-3.75748324002452,18.95229681056627,9.714261346518391
2025-01-02 14:10:00,G01,-21338683.635039028,-15511095.81358994,3114459.487411957,-21338691.842,-15511087.304,3114477.719,8.20696097239852,-8.509589940309525,-18.23158804327249,21.729199983761163,-3.761315321206725,18.98678391539888,9.874850659057683
2025-01-02 14:15:00,G01,-21360654.76868609,-15640869.824622769,2169771.8774946947,-21360663.561,-15640861.687,2169790.105,8.792313911020756,-8.137622768059373,-18.2275053053163,21.812098429094373,-3.767571216672424,19.00925606705872,10.011055328225586
2025-01-02 14:20:00,G01,-21357140.41154084,-15747786.278326277,1220931.229502612,-21357149.796,-15747778.516,1220949.404,9.384459160268309,-7.762326275929809,-18.17449738807045,21.877708706665643,-3.778743278777751,19.02343874323271,10.122451080112876
2025-01-02 14:25:00,G01,-21327165.763332155,-15832827.453635553,269753.6910303683,-21327175.745,-15832820.066,269771.76200000005,9.981667846441267,-7.387635553255677,-18.0709696317208,21.92648616388368,-3.7943100723205383,19.02909719314137,10.211144234807788
2025-01-02 14:30:00,G01,-21269838.599022053,-15897047.892530955,-681940.0216923986,-21269849.184,-15897040.878,-681922.101,10.584977947175505,-7.014530954882503,-17.920692398562096,21.963529286138822,-3.817734534455616,19.03100357157546,10.27825008385109
2025-01-02 14:35:00,G01,-21184353.60362721,-15941569.182653893,-1632328.111862272,-21184364.797,-15941562.537,-1632310.3860000002,11.193372789770365,-6.645653892308474,-17.72586227185093,21.992328283921065,-3.8493229788686287,19.032421323366883,10.325316194768943
2025-01-02 14:40:00,G01,-21069996.347559605,-15967574.461309329,-2579591.1929037203,-21070008.154,-15967568.178,-2579573.704,11.806440394371748,-6.283309329301119,-17.488903720397502,22.016670144571567,-3.8896557978559807,19.036731198131307,10.354091332375258
2025-01-02 14:45:00,G01,-20926146.885063145,-15976302.664834091,-3521915.775247656,-20926159.31,-15976296.735,-3521898.561,12.424936853349209,-5.92983409203589,-17.214247655589134,22.04251143850769,-3.9395314352316544,19.04939128513104,10.366923085155864
2025-01-02 14:50:00,G01,-20752282.95994336,-15969042.54841506,-4457497.742327632,-20752296.009000003,-15969036.96,-4457480.837,13.049056641757488,-5.588415058329701,-16.90532763209194,22.07483554757164,-3.998242396394741,19.07475342811452,10.366590753407694
2025-01-02 14:55:00,G01,-20547982.80447913,-15947126.502431467,-5384545.809053677,-20547996.484,-15947121.241,-5384529.243,13.67952087149024,-5.2614314667880535,-16.566053677350283,22.11890790238287,-4.065314132722063,19.117652624423595,10.3554172261795
2025-01-02 15:00:00,G01,-20312927.51915718,-15911924.19227815,-6301284.956057598,-20312941.837,-15911919.241,-6301268.755,14.317842822521923,-4.9512781500816345,-16.201057597994804,22.180848624510823,-4.14005791582106,19.18379197102748,10.335961095585288
2025-01-02 15:05:00,G01,-20046902.5758572,-15864836.332435053,-7205960.494797592,-20046917.987,-15864831.388,-7205944.018,15.41114280000329,-4.944435052573681,-16.476797591894865,23.09622521702377,-4.208108068877302,20.026788049443336,10.70771713199449
2025-01-02 15:10:00,G01,-19749801.12236856,-15807286.972274069,-8096838.836640281,-19749817.183,-15807282.248,-8096822.712,16.060631439089775,-4.724274069070816,-16.124640280380845,23.243637234169142,-4.21514492244235,20.20191921389892,10.694937364546112
2025-01-02 15:15:00,G01,-19421622.370185144,-15740718.316285338,-8972214.60576004,-19421639.072,-15740713.802,-8972198.873,16.701814856380224,-4.514285339042544,-15.732760040089488,23.384805539027564,-4.222822370089481,20.381566000707423,10.65873673038288
2025-01-02 15:20:00,G01,-19062473.9780794,-15666582.97812725,-9830411.468546497,-19062491.312,-15666578.663,-9830396.167,17.33392059803009,-4.315127249807119,-15.301546497270463,23.520681361069663,-4.232014531127168,20.565988763828567,10.59965145008908
2025-01-02 15:25:00,G01,-18672571.78008475,-15586337.387828063,-10669785.934668964,-18672589.737,-15586333.261,-10669771.102,17.956915248185396,-4.12682806327939,-14.832668963819742,23.65353216085591,-4.243901643642871,20.75695582025348,10.51796879629216
2025-01-02 15:30:00,G01,-18252239.49448409,-15501434.972650304,-11488730.50880276,-18252258.064000003,-15501431.023,-11488716.181,18.5695159137249,-3.94965030439198,-14.327802760526538,23.784713383633992,-4.258381137376739,20.955642155199055,10.413445284520195
2025-01-02 15:35:00,G01,-17801907.979670864,-15413319.364553643,-12285676.77329004,-17801927.152,-15413315.579,-12285662.985,19.172329135239124,-3.7855536434799433,-13.788290040567516,23.917055903693846,-4.275586283502031,21.163545005082792,10.28830830849178
2025-01-02 15:40:00,G01,-17322114.039792974,-15323417.66381649,-13059098.395792233,-17322133.805,-15323414.032000002,-13059085.18,19.765207026153803,-3.631816487759352,-13.215792233124375,24.05224862952716,-4.297441591976141,21.38255876540522,10.140455637896
2025-01-02 15:45:00,G01,-16813498.78502921,-15233133.78812571,-13807514.056144422,-16813519.132000003,-15233130.296,-13807501.444,20.3469707928598,-3.492125710472465,-12.61214442178607,24.19215470641716,-4.321142284452239,21.613448584670625,9.97230760529077
2025-01-02 15:50:00,G01,-16276805.553263389,-15143841.936067816,-14529490.286785154,-16276826.471,-15143838.572,-14529478.308,20.91773661226034,-3.364067815244198,-11.978785153478384,24.338445944608967,-4.348216509256128,21.857821904159184,9.782054272664007
2025-01-02 15:55:00,G01,-15712877.401807444,-15056880.193453046,-15223644.221310226,-15712898.88,-15056876.944,-15223632.903,21.478192556649446,-3.2494530454277992,-11.318310225382447,24.494404400861608,-4.377184128775873,22.11808117360383,9.571133227241855
2025-01-02 16:00:00,G01,-15122654.179674746,-14973544.310276223,-15888646.245883271,-15122676.206,-14973541.163,-15888635.614999998,22.026325253769755,-3.147276222705841,-10.630883272737265,24.659278800594105,-4.407670825986333,22.39318353411152,9.337976229503656
2025-01-02 16:05:00,G01,-14507169.19270514,-14895081.675374324,-16523222.548430352,-14507191.755,-14895078.617,-16523212.630000005,22.56229486130178,-3.05837432295084,-9.918430346995592,24.83517794290616,-4.4384194951089135,22.684471474594563,9.083019859031223
2025-01-02 16:10:00,G01,-13867545.475591244,-14822685.51497802,-17126157.560749326,-13867568.56,-14822682.532000002,-17126148.377,23.08440875634551,-2.982978018000722,-9.183749325573444,25.022576549206267,-4.466703742417852,22.99240972561744,8.804941217730564
2025-01-02 16:15:00,G01,-13204991.686543766,-14757489.340377396,-17696296.288876377,-13205015.279,-14757486.421,-17696287.863,23.592456232756376,-2.9193773958832026,-8.425876375287771,25.22146205448351,-4.493954082678643,23.31583997033092,8.502830784300397
2025-01-02 16:20:00,G01,-12520797.641949914,-14700561.668839442,-18232546.52727223,-12520821.726,-14700558.8,-18232538.88,24.08405008539557,-2.868839440867305,-7.647272229194641,25.43132872660668,-4.516584396475867,23.653824867580116,8.176155289871229
2025-01-02 16:25:00,G01,-11816329.509921717,-14652901.040726883,-18733880.95261776,-11816354.068,-14652898.212,-18733874.104,24.558078283444047,-2.828726883977652,-6.848617762327194,25.65159780626477,-4.534972669343163,24.00515228077819,7.822477668828949
2025-01-02 16:30:00,G01,-11093024.68309307,-14615431.354480082,-19199339.09324324,-11093049.696,-14615428.555,-19199333.062000003,25.01290693134069,-2.7994800824671984,-6.031243238598108,25.881624695740744,-4.547102532237654,24.36810462764668,7.441628337169202
2025-01-02 16:35:00,G01,-10352386.35239563,-14588997.5397457,-19628029.17045573,-10352411.798,-14588994.76,-19628023.974,25.44560437090695,-2.779745699837804,-5.196455731987953,26.11912939075489,-4.551487029001262,24.73957114642423,7.031820919708009
2025-01-02 16:40:00,G01,-9595977.80482206,-14574361.587469531,-20019129.80827655,-9596003.659,-14574358.818999998,-20019125.464,25.85417794063688,-2.7684695329517126,-4.344276547431946,26.3623913797964,-4.547978640748427,25.116250909657047,6.592837764423704
2025-01-02 16:45:00,G01,-8825416.46936705,-14572198.954222668,-20371891.608351503,-8825442.705,-14572196.19,-20371888.132,26.23563295044005,-2.7642226684838533,-3.4763515032827854,26.608915480446623,-4.5352414578955536,25.49446063622449,6.123597376717184
2025-01-02 16:50:00,G01,-8042367.736409746,-14583095.356411109,-20685638.58705505,-8042394.324,-14583092.592,-20685635.994,26.587590253911912,-2.7644111085683107,-2.593055050820112,26.856393257168232,-4.51398689254761,25.87020027125155,5.623390351284169
2025-01-02 16:55:00,G01,-7248538.576769519,-14607543.968330938,-20959769.47206963,-7248565.483,-14607541.2,-20959767.776,26.90623048134148,-2.768330939114094,-1.6960696280002594,27.101393821841537,-4.482707058997742,26.238409713613,5.092812603104641
2025-01-02 17:00:00,G01,-6445670.987522709,-14645943.036283348,-21193758.85598788,-6445698.175000001,-14645940.264,-21193758.07,27.187477291561663,-2.772283347323537,-0.7859878800809383,27.33975591304105,-4.442729889154962,26.593067438159068,4.531353963904802
2025-01-02 17:05:00,G01,-5635535.590642812,-14698593.913660234,-21387158.186094742,-5635562.722,-14698591.144,-21387158.342,27.13135718833655,-2.769660234451294,0.15590525791049,27.27280453390972,-4.350238458106781,26.63510981997792,3.930930854157968
2025-01-02 17:10:00,G01,-4819923.670328161,-14765699.52265777,-21539596.66340601,-4819950.954,-14765696.791,-21539597.791,27.283671839162707,-2.7316577713936567,1.1275939904153347,27.443253659403368,-4.347785753513245,26.892833345934022,3.317294844255287
2025-01-02 17:15:00,G01,-4000641.9026951976,-14847363.348196251,-21650781.95889457,-4000669.306,-14847360.66,-21650784.065,27.40330480225384,-2.688196251168847,2.106105431914329,27.61527101551541,-4.342484516103564,27.139386802264426,2.683226692779067
2025-01-02 17:20:00,G01,-3179504.366095446,-14943588.714911394,-21720500.73184609,-3179531.857,-14943586.075,-21720503.82,27.49090455379337,-2.639911394566297,3.088153909891844,27.78948829914143,-4.3318424340917705,27.37451206004077,2.031474963912343
2025-01-02 17:25:00,G01,-2358325.788825616,-15054278.630346913,-21748619.06286796,-2358353.335,-15054276.047,-21748623.135,27.546174384187907,-2.583346912637353,4.072132039815188,27.96511512268119,-4.316859841313744,27.596300898119427,1.3625570357670251
2025-01-02 17:30:00,G01,-1538914.557284403,-15179236.04847136,-21735082.71343046,-1538942.125,-15179233.529,-21735087.771,27.567715597106144,-2.5194713603705168,5.057569541037083,28.14081890850163,-4.2969795578714765,27.80246380565255,0.6816611003255502
2025-01-02 17:35:00,G01,-723065.7543705511,-15318164.58244956,-21679917.23295388,-723093.311,-15318162.135,-21679923.274,27.55662944889628,-2.4474495593458414,6.041046120226383,28.31699267500032,-4.270510006135058,27.993119365370735,-0.0093080410688033
2025-01-02 17:40:00,G01,87445.74231540086,-15470669.663692988,-21583227.91320964,87418.231,-15470667.298,-21583234.935,27.51131540085771,-2.365692988038063,7.021790359169245,28.49165699371037,-4.238288051878952,28.16578881345124,-0.7069463576613564
2025-01-02 17:45:00,G01,890872.073159874,-15636260.142284611,-21445199.59008791,890844.6410000001,-15636257.87,-21445207.588,27.43215987388976,-2.272284612059593,7.997912090271711,28.66449494598788,-4.2006353804249725,28.32000818780916,-1.4089248211701442
2025-01-02 17:50:00,G01,1685499.0911886548,-15814350.321963765,-21266096.29306892,1685471.772,-15814348.155,-21266105.261,27.31918865465559,-2.166963765397668,8.96793108060956,28.83500630441707,-4.157298385813245,28.455527299722775,-2.1112614243192063
2025-01-02 17:55:00,G01,2469652.910259925,-16004262.420976378,-21046260.74301972,2469625.739,-16004260.373,-21046270.673,27.1712599247694,-2.04797637835145,9.929980281740429,29.001311721048392,-4.108788018973959,28.570836308135338,-2.810917147532165
2025-01-02 18:00:00,G01,3241706.2789994404,-16205229.448251784,-20786113.69922253,3241679.291,-16205227.535,-20786124.582,26.987999440170825,-1.9132517836987968,10.882777467370031,29.162432881616446,-4.056436400280065,28.66545977876393,-3.5048867281746734
2025-01-02 18:05:00,G01,4000084.75342364,-16416398.482567577,-20486153.15682416,4000057.982,-16416396.721,-20486164.982,26.77142364019528,-1.7615675758570433,11.82517584040761,29.31973785189216,-4.000965883359482,28.7415946026074,-4.190470069483878
2025-01-02 18:10:00,G01,4743272.642055276,-16636834.340616632,-20146953.39617832,4743246.122,-16636832.750000002,-20146966.151,26.520055275410414,-1.5906166303902864,12.754821680486202,29.470813853314244,-3.9433586522776576,28.797732375769904,-4.865120936805144
2025-01-02 18:15:00,G01,5469818.698309944,-16865523.61820239,-19769163.88583344,5469792.463,-16865522.218999997,-19769177.556,26.235309943556786,-1.3992023915052414,13.670166563242674,29.61625751228,-3.884268116795882,28.83564832085386,-5.526351069789418
2025-01-02 18:20:00,G01,6178341.536009732,-17101379.08716764,-19353508.041197143,6178315.618,-17101377.902,-19353522.611,25.918009731918573,-1.1851676404476166,14.569802857935429,29.7561255226364,-3.825191450279519,28.85650387235608,-6.172284889107142
2025-01-02 18:25:00,G01,6867534.745067426,-17343244.429115042,-18900781.841184653,6867509.177,-17343243.483,-18900797.294,25.568067425861955,-0.946115043014288,15.452815346419811,29.88997670956919,-3.7684528364962873,28.861046346175836,-6.800696635020744
2025-01-02 18:30:00,G01,7536171.685666406,-17589899.285511,-18411852.30543207,7536146.498,-17589898.604999997,-18411868.622,25.187666405923665,-0.6805110014975071,16.316567931324244,30.018527999500133,-3.7141238629761615,28.85125592696862,-7.4109607085588225
2025-01-02 18:35:00,G01,8183109.940639642,-17840064.602385454,-17887655.83492463,8183085.162,-17840064.215,-17887672.994,24.77863964252174,-0.3873854540288448,17.159075368195772,30.142410612214903,-3.662476015265507,28.829171041161946,-8.00188003111771
2025-01-02 18:40:00,G01,8807295.407216161,-18092408.246553898,-17329196.419156555,8807271.066,-18092408.182,-17329214.397,24.341216161847115,-0.0645538978278637,17.977843444794416,30.260565532868508,-3.614828371198508,28.794900203029982,-8.57254714267302
2025-01-02 18:45:00,G01,9407766.010851178,-18345550.869100343,-16737543.71319981,9407742.134,-18345551.159,-16737562.486,23.87685117870569,0.2898996584117412,18.77280019037425,30.374431533935287,-3.573682707700259,28.75111486686085,-9.121857093102236
2025-01-02 18:50:00,G01,9983655.025478106,-18598071.99077727,-16113830.988315845,9983631.635,-18598072.666,-16113850.528,23.3904781062156,0.6752227321267128,19.53968415595591,30.48556459522845,-3.5357630566919074,28.7006021175348,-9.65108628019334
2025-01-02 18:55:00,G01,10534193.986213576,-18848516.283003405,-15459252.9599947,10534171.105,-18848517.376,-15459273.238,22.881213575601578,1.0929965935647488,20.27800530008972,30.59317040119093,-3.5039068120837413,28.643973864466204,-10.158123522595872
2025-01-02 19:00:00,G01,11058715.182297274,-19095400.01728053,-14775063.497550424,11058692.83,-19095401.56,-14775084.482,22.352297274395823,1.542719468474388,20.984449576586485,30.697757260648107,-3.4763500257284647,28.58295430417077,-10.643402396695194
2025-01-02 19:05:00,G01,11556654.053812245,-19337217.66859729,-14062573.021395816,11556631.912,-19337219.68,-14062594.877,22.141812244430184,2.01140271127224,21.85560418479145,31.176481915328186,-3.402449040365795,28.8617228673084,-11.287042051626573
2025-01-02 19:10:00,G01,12027549.405403867,-19572448.605195347,-13323146.876099069,12027527.898,-19572451.088000003,-13323169.274,21.507403867319223,2.482804656028748,22.39790093153715,31.151223189642632,-3.3259130335653597,28.68613563279177,-11.680866027874949
2025-01-02 19:15:00,G01,12471046.806503382,-19799563.8306427,-12558201.24781459,12471025.95,-19799566.813,-12558224.142,20.85650338232517,2.9823573008179665,22.894185410812497,31.11321124588948,-3.2555889427132474,28.50195059389615,-12.044578324313784
2025-01-02 19:20:00,G01,12886897.774801834,-20017032.887695715,-11769201.501347722,12886877.582,-20017036.396,-11769224.847,20.19280183315277,3.508304286748171,23.34565227665007,31.06568726205249,-3.191787283826512,28.31391440562168,-12.3778701734015
2025-01-02 19:25:00,G01,13274960.451325638,-20223330.69553229,-10957659.087169798,13274940.928,-20223334.759,-10957682.842,19.523325638845563,4.063467711210251,23.75483020208776,31.01554403473319,-3.1367827253702334,28.128083995579875,-12.686033920887017
2025-01-02 19:30:00,G01,13635199.422199229,-20416944.4058435,-10125128.639926048,13635180.571,-20416949.051,-10125152.764,18.851199228316545,4.645156498998404,24.124073952436447,30.966371038733165,-3.089939107006254,27.94967316524773,-12.96858440922972
2025-01-02 19:35:00,G01,13967685.087743634,-20596380.223220583,-9273204.993595457,13967666.905,-20596385.477,-9273229.45,18.1827436350286,5.253779418766499,24.456404542550445,30.92458710196645,-3.051050733746874,27.78481447288065,-13.229711317894065
2025-01-02 19:40:00,G01,14272592.581984114,-20760170.16021742,-8403520.11908613,14272575.062,-20760176.049,-8403544.871,17.519984113052487,5.888782579451799,24.75191386975348,30.891501158172314,-3.019867123031556,27.63531024786081,-13.47051869339386
2025-01-02 19:45:00,G01,14550200.247582627,-20906878.69774207,-7517739.990210386,14550183.38,-20906885.248,-7517765.003,16.867582626640797,6.550257928669453,25.012789613567293,30.87168390048122,-2.995693215836945,27.50546749407685,-13.694376471387862
2025-01-02 19:50:00,G01,14800887.67313565,-21035109.32183148,-6617561.384132422,14800871.444,-21035116.559,-6617586.626999999,16.22913564927876,7.237168520689011,25.242867577821016,30.870112012607763,-2.977475818655339,27.400760497727184,-13.90312114478135
2025-01-02 19:55:00,G01,15025133.301668212,-21143510.90839403,-5704708.622517066,15025117.696,-21143518.857,-5704734.063,15.605668211355804,7.948605969548225,25.44048293400556,30.885844477648444,-2.963875971119805,27.32054473221767,-14.097470122692185
2025-01-02 20:00:00,G01,15223511.621015515,-21230783.92815296,-4780930.259731112,15223496.62,-21230792.613,-4780955.867,15.001015515998006,8.684847041964531,25.60726888757199,30.922309980561696,-2.953676624776476,27.267731790372103,-14.280611049199717
2025-01-02 20:05:00,G01,15396689.948587734,-21295686.444801748,-3847995.724557672,15396675.533,-21295695.888,-3848021.469,14.415587734431028,9.4431982524693,25.74444232787937,30.97998505064237,-2.94487793785426,27.244217006840422,-14.451290854223044
2025-01-02 20:10:00,G01,15545424.824771248,-21337039.88027228,-2907691.921979297,15545410.974,-21337050.103,-2907717.772,13.850771248340608,10.222727719694376,25.850020702928305,31.057552971003503,-2.93577596826664,27.24868104328074,-14.61034556101906
2025-01-02 20:15:00,G01,15670558.030911056,-21353734.52202421,-1961819.801666755,15670544.723,-21353745.544,-1961845.727,13.307911057025194,11.02197578921914,25.92533324495889,31.15617676901319,-2.924764916482838,27.282955611009445,-14.757826200799228
2025-01-02 20:20:00,G01,15773012.249443084,-21344734.74837923,-1012190.8998765898,15772999.462,-21344746.589,-1012216.867,12.787443084642293,11.840620771050451,25.96712341019884,31.273159403669048,-2.9113085132605714,27.344124757111707,-14.894080135927195
2025-01-02 20:25:00,G01,15853786.385287462,-21309083.949146826,-60623.86151249243,15853774.096,-21309096.624,-60649.836,12.289287460967898,12.674853175878525,25.974487507570306,31.406249228605866,-2.892845860103656,27.431449004726403,-15.016642066057331
2025-01-02 20:30:00,G01,15913950.569081487,-21245909.120105483,891059.0508576583,15913938.756,-21245922.642,891033.106,11.813081488013268,13.52189451828599,25.944857658236288,31.55195975707748,-2.8680188127634443,27.54233035831772,-15.123513845504348
2025-01-02 20:35:00,G01,15954640.86419666,-21154425.11131984,1841035.454215447,15954629.506,-21154439.493,1841009.579,11.358196660876274,14.38168016076088,25.875215447042137,31.70754058681329,-2.838222009166873,27.67388264377314,-15.214100213609903
2025-01-02 20:40:00,G01,15977053.700762743,-21033938.51077313,2787486.3417157866,15977042.776,-21033953.759,2787460.58,10.924762742593884,15.24822686985135,25.761715786531568,31.867300857186727,-2.8002175424952163,27.82180633170762,-15.28498407189585
2025-01-02 20:45:00,G01,15982440.061093489,-20883851.146376047,3728599.571908748,15982429.55,-20883867.266000003,3728573.969,10.51109348796308,16.119623955339193,25.602908747736365,32.02864810008628,-2.7553737042527984,27.984356716373643,-15.333557775018363
2025-01-02 20:50:00,G01,15972099.441975344,-20703663.19106599,4662573.343769992,15972089.326,-20703680.183,4662547.950999999,10.11597534455359,16.99193400889635,25.39276999235153,32.18464768206688,-2.704234153368972,28.15496414468607,-15.356974248658728
2025-01-02 20:55:00,G01,15947373.620231632,-20492975.85743272,5587619.65078885,15947363.882,-20492993.719,5587594.522,9.738231632858517,17.86156728118658,25.12878885027021,32.3314826470582,-2.6477767152373133,28.3304639151318,-15.352487191875053
2025-01-02 21:00:00,G01,15909640.248817222,-20251493.67008036,6501967.707414936,15909630.873,-20251512.392,6501942.9,9.375817222520707,18.721919640898705,24.80741493590176,32.46265638287148,-2.5858817997289947,28.505788260823696,-15.31526396701352
2025-01-02 21:05:00,G01,15860306.085131664,-19979026.597534373,7403866.817071144,15860297.284,-19979045.876,7403842.918,8.80113166384399,19.278465624898672,23.89907114394009,31.94189657734536,-2.583855979060729,28.1005280503288,-14.965586140542026
2025-01-02 21:10:00,G01,15800801.179965096,-19675490.297350485,8291591.748653376,15800792.773,-19675510.393,8291568.370999999,8.406965095549822,20.095649514347315,23.377653376199305,31.95351105745664,-2.5870787735073977,28.18977673872438,-14.821281312340863
2025-01-02 21:15:00,G01,15732570.967363345,-19340908.7721562,9163443.13792918,15732562.928,-19340929.673,9163420.323,8.039363345131278,20.900843799114227,22.81492917984724,31.96869762738947,-2.586345761763094,28.29396189744398,-14.65469766791712
2025-01-02 21:20:00,G01,15657070.16921494,-18975413.76074093,10017752.568752035,15657062.472,-18975435.451,10017730.357,7.697214940562844,21.69025907292962,22.21175203472376,31.98556525909905,-2.580895192152328,28.411690264355897,-14.463444308791528
2025-01-02 21:25:00,G01,15575755.818847032,-18579245.058909364,10852885.333907545,15575748.437,-18579267.52,10852863.763,7.381847031414509,22.4610906355083,21.570907544344664,32.00462951540585,-2.5685138435541752,28.543142983407336,-14.24738697735911
2025-01-02 21:30:00,G01,15490080.444157194,-18152750.115591284,11667243.559659475,15490073.352,-18152773.328,11667222.669,7.092157194390893,23.2124087177217,20.890659475699067,32.02396392513157,-2.5515093520680754,28.68525044455672,-14.006443961173574
2025-01-02 21:35:00,G01,15401485.285148265,-17696383.177103516,12459269.25840536,15401478.458,-17696407.119,12459249.084,6.827148264274001,23.94189648330212,20.174405358731747,32.044203722638485,-2.5290454649051224,28.83880537491001,-13.738931028375635
2025-01-02 21:40:00,G01,15311393.575340137,-17210703.983086977,13227447.30364724,15311386.99,-17210728.630000003,13227427.883,6.585340136662126,24.6469130255282,19.42064724117517,32.06241671598773,-2.502522486753964,29.000003804015,-13.443798802423943
2025-01-02 21:45:00,G01,15221203.916225985,-16696376.019572891,13970308.321649728,15221197.551,-16696401.346,13970289.69,6.365225983783603,25.32642710953951,18.63164972886443,32.07931395118271,-2.4727198213026806,29.168983961687225,-13.120153006223518
2025-01-02 21:50:00,G01,15132283.773524871,-16154164.336523626,14686431.494333452,15132277.608,-16154190.315,14686413.687,6.165524872019887,25.97847637347877,17.807333450764418,32.0935516305317,-2.440802867507209,29.343292721177463,-12.767525598285127
2025-01-02 21:55:00,G01,15045963.12342755,-15584932.939064428,15374447.268137973,15045957.138,-15584959.54,15374430.318999998,5.985427549108863,26.600935570895672,16.94913797453046,32.104647549416335,-2.4068186933986877,29.521404543312592,-12.38556788522162
2025-01-02 22:00:00,G01,14963528.276371364,-14989641.763437904,16033039.96378281,14963522.455,-14989668.957,16033023.907000002,5.821371363475919,27.193562095984817,16.05678280815482,32.11227893139844,-2.37445754807788,29.701849235918186,-11.9733270851129
2025-01-02 22:05:00,G01,14886215.905086786,-14369343.250491597,16660950.282058368,14886210.232,-14369371.006,16660935.151000002,5.6730867847800255,27.755508402362462,15.131058365106584,32.116990637192664,-2.34452740086034,29.883347099140472,-11.532122311544772
2025-01-02 22:10:00,G01,14815207.302764848,-13725178.531218449,17256977.70098903,14815201.766,-13725206.815,17256963.528,5.536764847114682,28.28378155082464,14.172989029437304,32.11699988815212,-2.3184941113861104,30.06346915087025,-11.05957004072508
2025-01-02 22:15:00,G01,14751622.896177502,-13058373.240526509,17819982.759928636,14751617.484,-13058402.02,17819969.576,5.412177503108978,28.77947349101305,13.18392863497138,32.114883371999035,-2.29772406641038,30.24256156204094,-10.558109124170992
2025-01-02 22:20:00,G01,14696517.03747414,-12370232.976987747,18348889.226373143,14696511.74,-12370262.217,18348877.061,5.297474140301347,29.24001225270331,12.165373142808676,32.10977814481395,-2.282386460315035,30.41840191338875,-10.027431854193283
2025-01-02 22:25:00,G01,14650873.097154602,-11662138.427824393,18842686.14150517,14650867.907,-11662168.094,18842675.025,5.190154602751136,29.666175607591867,11.116505172103643,32.10290278498729,-2.2761870229965906,30.590020913153744,-9.469211181059542
2025-01-02 22:30:00,G01,14615593.98451388,-10935565.267827434,19300419.494440407,14615593.791,-10935570.236,19300419.699,0.1935138814151287,4.968172565102577,-0.2045595943927765,4.976146188226026,-2.087302925704347,4.151121631557016,-1.7814001748517618
2025-01-02 22:35:00,G01,14591517.60333642,-10191978.714300938,19721235.90480121,14591517.388,-10191983.648,19721236.306,0.2153364196419716,4.933699062094092,-0.4011987932026386,4.954666152285097,-2.072410093384418,4.155967631302808,-1.7267791210810146
2025-01-02 22:40:00,G01,14579383.240592277,-9432977.112315184,20104320.114066456,14579383.006,-9432982.003,20104320.71,0.2345922775566578,4.890684816986322,-0.5959335453808308,4.932440400684019,-2.058853324584958,4.160578351843808,-1.667236957458072
2025-01-02 22:45:00,G01,14579848.006026698,-8660186.807302924,20448940.16046489,14579847.753,-8660191.648,20448940.95,0.2530266977846622,4.840697076171637,-0.7895351089537144,4.911184824593653,-2.0469129419181007,4.16555524408368,-1.605625516119535
2025-01-02 22:50:00,G01,14593478.701251788,-7875280.604829566,20754437.641582828,14593478.433,-7875285.388,20754438.623,0.2682517878711223,4.783170434646308,-0.9814171716570854,4.89017976084663,-2.03732130216651,4.170267652589997,-1.540145353820242
2025-01-02 22:55:00,G01,14620749.113065848,-7079971.364234495,21020228.9621371,14620748.833,-7079976.086,21020230.133,0.2800658475607633,4.7217655051499605,-1.170862901955843,4.872825289272174,-2.03069341898611,4.178001881407117,-1.471397572655175
2025-01-02 23:00:00,G01,14662037.724215534,-6276005.426632625,21245806.4394405,14662037.435,-6276010.084,21245807.798,0.2892155330628156,4.657367374747992,-1.358559500426054,4.860082345406268,-2.027142065579884,4.189159382231942,-1.4007280679504848
2025-01-02 23:05:00,G01,14717625.851482565,-5465155.905094813,21430739.264575005,14717625.558,-5465160.496,21430740.807,0.2934825643897056,4.590905187651515,-1.5424249954521656,4.851970457886359,-2.026121653600806,4.204735491338515,-1.325385912438395
2025-01-02 23:10:00,G01,14787696.219137536,-4649215.865402639,21574674.31755197,14787695.925,-4649220.387999999,21574676.043,0.2941375356167555,4.522597360424697,-1.7254480309784412,4.8494922086736585,-2.029011067212689,4.22406428671801,-1.248186553680342
2025-01-02 23:15:00,G01,14872331.97393286,-3829991.426229728,21677336.835003003,14872331.683,-3829995.881,21677338.74,0.290932860225439,4.454770272132009,-1.904996994882822,4.853723689822345,-2.033794802054819,4.24962537270558,-1.1674744330966709
2025-01-02 23:20:00,G01,14971516.14591175,-3009294.807931617,21738530.929211736,14971515.862,-3009299.195,21738533.011,0.2839117497205734,4.387068382930011,-2.0817882642149925,4.8642386100146044,-2.040424284824825,4.280587405780296,-1.0835393184047482
2025-01-02 23:25:00,G01,15085131.557395788,-2188937.359339236,21758139.957564667,15085131.285,-2188941.68,21758142.215,0.2723957877606153,4.320660764351487,-2.257435332983732,4.882450531075504,-2.05019533976303,4.31763467730229,-0.9965204717265854
2025-01-02 23:30:00,G01,15212961.215996156,-1370722.6160261412,21736126.85191845,15212960.924,-1370726.8469999998,21736129.171,0.2919961549341678,4.230973858619109,-2.319081548601389,4.833688113219349,-1.9485246176131088,4.336307139502669,-0.8742041994476469
2025-01-02 23:35:00,G01,15354688.970584512,-556439.3731608912,21672533.752293624,15354688.705,-556443.443,21672536.236,0.2655845116823911,4.069839108735323,-2.4837063774466515,4.7752406089333626,-1.95791811781696,4.282809673079533,-0.7918464632154077
2025-01-02 23:40:00,G01,15509900.990354538,252145.32932600752,21567482.56933129,15509900.759,252141.417,21567485.214,0.2313545383512973,3.912326007528464,-2.644668713212013,4.728011454537926,-1.974824643496216,4.236792888042348,-0.7097506361502333
2025-01-02 23:45:00,G01,15678087.295294276,1053292.773581731,21421174.326215774,15678087.105,1053289.012,21421177.128,0.190294275060296,3.761581730796024,-2.801784224808216,4.694220262297383,-1.9977054934981728,4.2013606870571,-0.6272519505442942
2025-01-02 23:50:00,G01,15858643.913675914,1845299.2812422875,21233888.88111741,15858643.77,1845295.662,21233891.837,0.1436759140342474,3.619242287473753,-2.955882590264082,4.675125601643032,-2.025399589478431,4.178295259138348,-0.5444305479496216
2025-01-02 23:55:00,G01,16050875.422410928,2626502.7050997564,21005984.394861285,16050875.333,2626499.219,21005987.502,0.0894109271466732,3.486099756322801,-3.107138715684414,4.670674129441285,-2.058121686969382,4.167630236258408,-0.458465002898913
2025-01-03 00:00:00,G01,16253997.898754368,3395288.7414915944,20737896.65010304,16253997.868,3395285.376,20737899.905,0.0307543668895959,3.365491594187916,-3.2548969611525536,4.682075792781704,-2.0918436238981117,4.1725043464600144,-0.3690954636425776
2025-01-03 00:05:00,G01,16467142.27074018,4150097.036752812,20430138.22324208,16467142.319999998,4150093.779,20430141.627,-0.0492598190903663,3.257752812001854,-3.40375791862607,4.7117881831097295,-2.13917421835101,4.189854942284836,-0.2645696669048736
2025-01-03 00:10:00,G01,16689358.05201408,4889427.061951762,20083297.51056843,16689358.171,4889423.904999999,20083301.057,-0.1189859192818403,3.156951762735844,-3.546431571245193,4.749492496125554,-2.1746984721471483,4.219090591388159,-0.1662531432897382
2025-01-03 00:15:00,G01,16919617.44507676,5611843.731106607,19698037.61040495,16919617.638,5611840.663,19698041.297,-0.1929232403635978,3.068106607533992,-3.6865950487554073,4.80015422516548,-2.2082381325622515,4.261609861457012,-0.0620187391385964
2025-01-03 00:20:00,G01,17156819.79536096,6315982.739174183,19275095.06326977,17156820.066,6315979.749,19275098.887,-0.2706390395760536,2.9901741836220026,-3.8237302266061306,4.861614956370314,-2.23816699047213,4.315501792403434,0.0485055308928839
2025-01-03 00:25:00,G01,17399796.377053495,7000555.59728405,18815278.452344887,17399796.729000002,7000552.676,18815282.41,-0.3519465066492557,2.9212840497493744,-3.957655113190413,4.93161239736305,-2.2636680990155025,4.378286659225814,0.1649651628973321
2025-01-03 00:30:00,G01,17647315.490137313,7664354.343984538,18319466.866794948,17647315.925,7664351.483,18319470.954,-0.4348626881837845,2.8609845377504826,-4.0872050523757935,5.007951998870195,-2.281905941901802,4.448630005932401,0.2866697849776298
2025-01-03 00:35:00,G01,17898087.8467831,8306255.91263259,17788608.230737213,17898088.367,8306253.107000001,17788612.443,-0.5202168971300125,2.805632589384913,-4.212262786924839,5.087765485239083,-2.2937640606574576,4.5226132115804285,0.4122787955552089
2025-01-03 00:40:00,G01,18150772.2239618,8925226.136531375,17223717.50091422,18150772.831,8925223.382,17223721.833,-0.6070381999015808,2.754531376063824,-4.332085780799389,5.169420246997149,-2.2979531007574345,4.598888605626433,0.540870437186872
2025-01-03 00:45:00,G01,18403981.35799394,9520323.374948312,16625874.736371376,18403982.054,9520320.671,16625879.182,-0.6960060596466064,2.703948311507702,-4.445628624409437,5.249702350851779,-2.2953721321030924,4.67343398563187,0.6705641875646327
2025-01-03 00:50:00,G01,18656288.05569327,10090701.744770952,15996223.043683903,18656288.842,10090699.092999998,15996227.595,-0.786306731402874,2.651770953088999,-4.551316097378731,5.325846945017737,-2.285438587235756,4.743679134942761,0.7993274738411582
2025-01-03 00:55:00,G01,18906231.495817192,10635613.944226384,15335966.401519394,18906232.374,10635611.348,15335971.049,-0.8781828097999096,2.5962263848632574,-4.647480607032776,5.395430703997035,-2.2684723828646085,4.807033226796014,0.92581698315251
2025-01-03 01:00:00,G01,19152323.69369645,11154413.6568398,14646367.368554598,19152324.666,11154411.124,14646372.101000002,-0.9723035506904124,2.532839799299836,-4.732445403933525,5.454969399072186,-2.246587749764088,4.859396068990449,1.0468067978877795
2025-01-03 01:05:00,G01,19393056.08582049,11646556.872408943,13928745.158059692,19393057.17,11646555.066000002,13928749.483,-1.084179513156414,1.806408941745758,-4.3249403070658445,4.81078654081117,-2.267128076754668,4.162090542519024,0.8251058966667777
2025-01-03 01:10:00,G01,19626906.249753173,12111606.046649244,13184471.16605338,19626907.482,12111604.315,13184475.59,-1.2322468273341656,1.7316492442041636,-4.4239466190338135,4.907987880637918,-2.31650365684152,4.223838778359014,0.938798071343978
2025-01-03 01:15:00,G01,19852344.7434846,12549227.265607286,12414969.343207814,19852346.126,12549225.599,12414973.866,-1.3825153969228268,1.6666072867810726,-4.522792186588049,5.014436940888015,-2.359514803224996,4.296613907650075,1.0565872685644198
2025-01-03 01:20:00,G01,20067841.85397896,12959193.485656807,11621711.468044382,20067843.39,12959191.878,11621716.085,-1.536021038889885,1.6076568067073822,-4.616955619305372,5.124470726884914,-2.395880270542664,4.374164275178297,1.177558853594474
2025-01-03 01:25:00,G01,20271874.48264214,13341384.085153311,10806214.8453594,20271876.173,13341382.531,10806219.551,-1.6903578601777554,1.554153311997652,-4.705640600994229,5.236005698849393,-2.423549757017192,4.455663920039906,1.2997004598367483
2025-01-03 01:30:00,G01,20462932.987484507,13695784.604375916,9970039.410989895,20462934.833,13695783.1,9970044.196,-1.8455154933035367,1.5043759159743786,-4.785010104998946,5.34466051658374,-2.4418376769629364,4.536572067989099,1.4220895431844418
2025-01-03 01:35:00,G01,20639527.98520643,14022486.0350065,9114784.754076509,20639529.986,14022484.58,9114789.608,-2.0007935725152493,1.4550065007060766,-4.853923490270972,5.448008084274436,-2.451914321913315,4.614437410757596,1.541387565317924
2025-01-03 01:40:00,G01,20800197.083756417,14321683.662458852,8242087.062462877,20800199.239,14321682.258,8242091.97,-2.155243583023548,1.4044588524848225,-4.907537123188376,5.540893446544448,-2.4530034566504395,4.684252422823656,1.6559146919122725
2025-01-03 01:45:00,G01,20943511.516194075,14593675.46628992,7353615.997032834,20943513.826,14593674.114,7353620.942,-2.309805925935507,1.3522899206727743,-4.944967165589333,5.622863302072758,-2.447008805179029,4.744746450121725,1.7652537339516226
2025-01-03 01:50:00,G01,21068082.647096142,14838860.085828396,6451071.500937473,21068085.11,14838858.789,6451076.466,-2.46290385723114,1.296828394755721,-4.965062526986003,5.692056323710207,-2.4346487947126616,4.794565469576333,1.866583080561866
2025-01-03 01:55:00,G01,21172568.3232712,15057734.360035677,5536180.549803771,21172570.938,15057733.123,5536185.513,-2.6147288009524345,1.2370356768369677,-4.963196229189634,5.744595788890621,-2.417181506283361,4.829033074291222,1.9590951765606053
2025-01-03 02:00:00,G01,21255679.04120804,15250890.45244271,4610693.849143924,21255681.806,15250889.281,4610698.79,-2.764791961759329,1.171442709863186,-4.940856075845659,5.781730828784887,-2.3973241944433044,4.849484355107423,2.0405267880688736
2025-01-03 02:05:00,G01,21316183.904450435,15419012.573807776,3676382.4852993386,21316186.816,15419011.473,3676387.38,-2.9115495644509792,1.1008077766746285,-4.894700661301613,5.800602829981421,-2.3748225128237204,4.853161650289192,2.1104580592696927
2025-01-03 02:10:00,G01,21352916.34498868,15562873.316868458,2735034.536355952,21352919.402,15562872.293,2735039.362,-3.057011317461729,1.0238684583455324,-4.825644048396498,5.803487339256328,-2.3543440473691186,4.840919339999637,2.1686468931441043
2025-01-03 02:15:00,G01,21364779.583756804,15683329.619247168,1788451.649555979,21364782.782,15683328.678,1788456.382,-3.198243197053671,0.9412471689283848,-4.732444020919502,5.788845497303631,-2.3352216990143777,4.812119883033616,2.2138143642630617
2025-01-03 02:20:00,G01,21350751.806441613,15781318.372172736,838445.5918068634,21350755.143,15781317.52,838450.2089999999,-3.336558386683464,0.8521727360785007,-4.617193136480637,5.759973324541284,-2.321284280411468,4.76913071279611,2.245957308856664
2025-01-03 02:25:00,G01,21309891.032027178,15857851.694213048,-113165.22005012466,21309894.504,15857850.935,-113160.742,-3.4719728231430054,0.7592130471020937,-4.478050124656875,5.71698632624507,-2.31303025049719,4.710860502306179,2.267513405157636
2025-01-03 02:30:00,G01,21241339.65281148,15914011.890669914,-1064559.2025022665,21241343.258,15914011.23,-1064554.8839999998,-3.605188522487879,0.6606699135154486,-4.31850226665847,5.664214936285274,-2.314055634413237,4.641228775371573,2.2776024279800096
2025-01-03 02:35:00,G01,21144328.626047187,15950946.120639468,-2013915.0954159745,21144332.361,15950945.561,-2013910.955,-3.734952814877033,0.5596394669264555,-4.140415974427015,5.6041157468052,-2.3231119899909345,4.562740880571548,2.278301920797928
2025-01-03 02:40:00,G01,21018181.29884972,15969860.795015965,-2959415.4521142365,21018185.162,15969860.338,-2959411.507,-3.863150279968977,0.4570159651339054,-3.9451142363250256,5.540462076006482,-2.3425148881625764,4.477454391643619,2.271947663383555
2025-01-03 02:45:00,G01,20862316.849596467,15972015.729876297,-3899250.1227154806,20862320.84,15972015.377,-3899246.386,-3.990403532981873,0.3528762962669134,-3.736715480685234,5.478219110266944,-2.373401530741204,4.390170635524979,2.259259078756455
2025-01-03 02:50:00,G01,20676253.330691613,15958718.080741774,-4831619.723979189,20676257.448,15958717.831,-4831616.207,-4.117308385670185,0.2497417740523815,-3.516979188658297,5.4206772556455,-2.415202007488784,4.303366014641484,2.24311883700424
2025-01-03 02:55:00,G01,20459610.299284164,15931316.08416666,-5754739.088928102,20459614.544,15931315.934,-5754735.798,-4.244715835899115,0.1501666605472564,-3.290928101167083,5.373115513417129,-2.466509062094272,4.222659948855704,2.2261730219056632
2025-01-03 03:00:00,G01,20212111.024307936,15891192.633927822,-6666840.689556717,20212115.398,15891192.578,-6666837.627,-4.373692061752081,0.0559278223663568,-3.0625567166134715,5.339622066665589,-2.5260460025936675,4.152624406453812,2.210512598137992
2025-01-03 03:05:00,G01,19933583.972980287,15839758.860050634,-7566178.427528626,19933588.768000003,15839758.75,-7566175.189999999,-4.795019716024399,0.1100506335496902,-3.2375286277383566,5.786701723299102,-2.6106984665284942,4.560615720538129,2.423005282883025
2025-01-03 03:10:00,G01,19623965.27227844,15778446.966516957,-8451029.47031425,19623970.225,15778446.865,-8451026.36,-4.952721562236548,0.1015169564634561,-3.1103142499923706,5.849257328857915,-2.609287696856229,4.619368289442909,2.4631008141612964
2025-01-03 03:15:00,G01,19283297.94084391,15708704.105417658,-9319699.659187764,19283303.047,15708704.011,-9319696.69,-5.106156088411808,0.0944176577031612,-2.969187764450908,5.907437741853578,-2.6094450280366632,4.67480519190098,2.496960900235821
2025-01-03 03:20:00,G01,18911733.390481845,15631985.241111532,-10170525.474920852,18911738.644,15631985.152,-10170522.659,-5.253518156707287,0.0891115311533212,-2.815920852124691,5.9612753780771,-2.609934644877738,4.72810607070994,2.523897435881854
2025-01-03 03:25:00,G01,18509531.147528425,15549746.393038642,-11001877.517846284,18509536.541,15549746.31,-11001874.869,-5.393471576273441,0.0830386411398649,-2.648846283555031,6.009394120366476,-2.6128350186525733,4.777558170541276,2.5418199751934214
2025-01-03 03:30:00,G01,18077058.37819286,15463437.823725708,-11812163.632600442,18077063.906,15463437.747,-11812161.164,-5.527807138860226,0.0767257083207368,-2.468600440770388,6.054463372993774,-2.6197659219939498,4.824715830045352,2.552541950329537
2025-01-03 03:35:00,G01,17614788.961705342,15374497.26537158,-12599831.961381003,17614794.616,15374497.196,-12599829.685,-5.654294658452272,0.0693715792149305,-2.276381002739072,6.095717428673677,-2.6299604405858705,4.8698914580782855,2.55445419566011
2025-01-03 03:40:00,G01,17123302.11496944,15284343.214487694,-13363373.919836445,17123307.889,15284343.153,-13363371.848,-5.774030558764935,0.0614876933395862,-2.071836445480585,6.134795504888908,-2.6447940329649686,4.913483219989857,2.5492083196310507
2025-01-03 03:45:00,G01,16603280.574347807,15194368.32376726,-14101327.089861035,16603286.461,15194368.27,-14101325.233,-5.8866521921008825,0.0537672601640224,-1.8568610362708569,6.172803079400197,-2.6633671820112315,4.9570433953318105,2.5372610996181275
2025-01-03 03:50:00,G01,16055508.342117392,15105932.919926712,-14812278.023737911,16055514.335,15105932.875,-14812276.39,-5.992882609367371,0.0449267122894525,-1.6337379105389118,6.211743711669619,-2.686139913423305,5.003114612163484,2.517788013820373
2025-01-03 03:55:00,G01,15480868.00699886,15020358.675714072,-15494864.95425128,15480874.098,15020358.64,-15494863.552,-6.0910011399537325,0.0357140712440013,-1.4022512808442116,6.250430308101333,-2.7121113761401805,5.050455147808456,2.4910306541304963
2025-01-03 04:00:00,G01,14880337.649998732,14938922.463600416,-16147780.405578109,14880343.833,14938922.437,-16147779.241,-6.183001268655062,0.0266004148870706,-1.1645781081169844,6.291776731589226,-2.74122484623519,5.101965623145208,2.458065817425357
2025-01-03 04:05:00,G01,14254987.348581886,14862850.417879358,-16769773.699967757,14254993.618,14862850.4,-16769772.777,-6.269418114796281,0.017879357561469,-0.9229677561670542,6.337017646218654,-2.772288874080049,5.159594364317488,2.418841260364515
2025-01-03 04:10:00,G01,13605975.293916317,14793312.230989857,-17359653.355425183,13605981.644,14793312.221,-17359652.678,-6.3500836826860905,0.0099898558109998,-0.6774251833558083,6.386123037757722,-2.804869986427581,5.223078400968946,2.373757323306095
2025-01-03 04:15:00,G01,12934543.537592,14731415.708857622,-17916289.36982868,12934549.963,14731415.706,-17916288.939,-6.425408000126481,0.0028576217591762,-0.4308286793529987,6.439836138058526,-2.8371755516522588,5.294412022611596,2.3218797791826
2025-01-03 04:20:00,G01,12242013.385803388,14678201.608923685,-18438615.38713667,12242019.882,14678201.61,-18438615.204,-6.496196610853076,-0.0010763145983219,-0.1831366717815399,6.49877762397386,-2.867953211203685,5.373696791314281,2.2654663491714957
2025-01-03 04:25:00,G01,11529780.460495152,14634638.783300009,-18925630.74156818,11529787.023,14634638.788,-18925630.806,-6.5625048484653234,-0.0046999920159578,0.0644318200647831,6.562822825240118,-2.897605934673237,5.461507164556631,2.201468322355724
2025-01-03 04:30:00,G01,10799309.448396249,14601619.648167787,-19376402.3758788,10799316.073,14601619.652,-19376402.686,-6.624603752046824,-0.0038322135806083,0.3101212009787559,6.631859823367069,-2.922242739220311,5.558303571156826,2.132445427374344
2025-01-03 04:35:00,G01,10052128.560203506,14579955.999117147,-19790066.630097404,10052135.243,14579956.0,-19790067.184,-6.682796495035291,-0.0008828528225421,0.5539025962352753,6.705712330513534,-2.9427797108228506,5.663815403369686,2.056166459633779
2025-01-03 04:40:00,G01,9289823.723412426,14570375.19063004,-20165830.89733768,9289830.461,14570375.186,-20165831.692,-6.737587573006749,0.0046300385147333,0.7946623228490353,6.784290379144118,-2.957771638473571,5.77824941495373,1.9723124959741256
2025-01-03 04:45:00,G01,8514032.533433711,14573516.696327943,-20502975.143552683,8514039.321,14573516.682,-20502976.176,-6.787566289305687,0.0143279433250427,1.0324473157525065,6.865654293764248,-2.9653383285440587,5.899441129613477,1.8816407300480773
2025-01-03 04:50:00,G01,7726437.988664413,14589929.064959075,-20800853.288359657,7726444.823,14589929.038,-20800854.556,-6.834335586987436,0.0269590746611356,1.267640344798565,6.950955455980891,-2.9665145708736715,6.027843973618081,1.7834433216508137
2025-01-03 04:55:00,G01,6928762.036104884,14620067.2853869,-21058894.44432518,6928768.911,14620067.244,-21058895.945,-6.874895116314292,0.0413868986070156,1.5006748214364052,7.036897090010028,-2.960968082603789,6.1595568566144605,1.6764390830945872
2025-01-03 05:00:00,G01,6122758.954921103,14664290.57207281,-21276604.01236802,6122765.865,14664290.513,-21276605.744,-6.91007889714092,0.0590728092938661,1.731631979346275,7.123989701944048,-2.947945731492296,6.294467890005587,1.562216124379027
2025-01-03 05:05:00,G01,5310208.718706805,14722860.60185393,-21453564.64300089,5310215.545,14722860.503,-21453566.592,-6.826293194666505,0.0988539289683103,1.948999110609293,7.099763968751252,-2.884730682585388,6.324170326562925,1.4456303059738138
2025-01-03 05:10:00,G01,4492909.711604791,14795940.05672986,-21589436.955590937,4492916.535,14795939.966,-21589439.169,-6.823395209386945,0.0907298605889082,2.213409062474966,7.173990087038977,-2.903350634181778,6.426663799416487,1.3170729946359936
2025-01-03 05:15:00,G01,3672672.398190055,14883591.926343666,-21683960.368121885,3672679.217,14883591.846,-21683962.845,-6.818809945136309,0.0803436655551195,2.4768781140446663,7.255173972022871,-2.9205063911419784,6.535485093932022,1.1813663151661904
2025-01-03 05:20:00,G01,2851311.9738521017,14985778.893584238,-21736953.44627497,2851318.784,14985778.827,-21736956.187,-6.81014789827168,0.066584238782525,2.74072502925992,7.341261577086067,-2.937051447145829,6.647494825026177,1.0385869685630715
2025-01-03 05:25:00,G01,2030641.4537719097,15102363.37500446,-21748314.30006456,2030648.252,15102363.324,-21748317.302,-6.798228090396151,0.051004460081458,3.001935441046953,7.431697182758005,-2.949354628377975,6.763273272444724,0.8885746645687805
2025-01-03 05:30:00,G01,1212464.6897278896,15233107.966370612,-21718020.78206213,1212471.4719999998,15233107.934,-21718024.045,-6.782272110227495,0.0323706120252609,3.262937873601913,7.526421885642499,-2.9596509906670554,6.8812316962842335,0.7322176972561674
2025-01-03 05:35:00,G01,398569.4291349361,15377676.336495267,-21646130.533051044,398576.19,15377676.326,-21646134.054,-6.760865063930396,0.0104952678084373,3.5209489576518536,7.622761187765926,-2.9654379814692784,6.9992376236847775,0.5686285175450576
2025-01-03 05:40:00,G01,-409279.5542124892,15535634.565595351,-21532780.87499601,-409272.822,15535634.58,-21532784.651,-6.732212489238009,-0.0144046489149332,3.776003990322352,7.718879363553553,-2.966501512352933,7.114881798964748,0.3992798430434892
2025-01-03 05:45:00,G01,-1209347.2285259217,15706452.922494972,-21378188.551495075,-1209340.532,15706452.966,-21378192.579,-6.696525921812281,-0.0435050278902053,4.027504924684763,7.814483222025342,-2.963092059388237,7.227452436936447,0.2239748796793064
2025-01-03 05:50:00,G01,-1999934.9428038187,15889508.073094375,-21182649.316166937,-1999928.29,15889508.15,-21182653.592,-6.652803818695247,-0.0769056249409914,4.275833062827587,7.908758531297005,-2.955738306327715,7.33553707989711,0.0443657562170072
2025-01-03 05:55:00,G01,-2779386.9078236623,16084085.710659703,-20946537.36970992,-2779380.3090000004,16084085.826,-20946541.889,-6.598823661915958,-0.1153402961790561,4.519290078431368,7.998859913637243,-2.943977264685353,7.436092983725902,-0.1388485519944478
2025-01-03 06:00:00,G01,-3546096.491836465,16289383.596661612,-20670304.6466531,-3546089.958,16289383.756,-20670309.404,-6.533836464863271,-0.1593383867293596,4.757346898317337,8.083857815547725,-2.928303465350249,7.527854379347709,-0.3243523395095669
2025-01-03 06:05:00,G01,-4298512.304246045,16504514.999111416,-20354479.9531024,-4298505.846,16504515.209,-20354484.942,-6.458246044814587,-0.2098885849118232,4.988897603005171,8.163460938028079,-2.90901972164677,7.610370063373553,-0.511826381000489
2025-01-03 06:10:00,G01,-5035144.041458446,16728512.513619898,-19999667.95706594,-5035137.672,16728512.782000002,-19999673.172,-6.3694584453478456,-0.2683801036328077,5.214934058487415,8.236356354688096,-2.8888977425977607,7.681378158664434,-0.6987599142892504
2025-01-03 06:15:00,G01,-5754568.070107352,16960332.25074164,-19606548.03322253,-5754561.801,16960332.585,-19606553.466,-6.269107352010906,-0.3342583626508713,5.432777468115091,8.302319354379128,-2.8661383481138163,7.741496746420917,-0.884864823983881
2025-01-03 06:20:00,G01,-6455432.723979903,17198858.37157685,-19175872.964274533,-6455426.569,17198858.779999997,-19175878.607,-6.154979903250933,-0.4084231480956077,5.642725467681885,8.360080010439429,-2.8429509401962454,7.789020827173968,-1.067577765990066
2025-01-03 06:25:00,G01,-7136463.292194969,17442907.952086985,-18708467.50130096,-7136457.263,17442908.444000002,-18708473.346,-6.029194968752563,-0.491913016885519,5.844699040055275,8.411520507984015,-2.820466007255624,7.82584890650655,-1.246891194403687
2025-01-03 06:30:00,G01,-7796466.677506499,17691236.155149143,-18205226.78579856,-7796460.787,17691236.741,-18205232.823,-5.8905064994469285,-0.5858508571982384,6.037201438099146,8.455122071921423,-2.7997194731930826,7.850432567303125,-1.4217484407386207
2025-01-03 06:35:00,G01,-8434335.705019139,17942541.688031025,-17667114.636366222,-8434329.965000002,17942542.378,-17667120.856000002,-5.740019137039781,-0.6899689733982086,6.2196337804198265,8.491626536793436,-2.7809427363723067,7.8639996396206735,-1.591096604684502
2025-01-03 06:40:00,G01,-9049053.063099438,18195472.521723,-17095161.70325244,-9049047.484,18195473.328,-17095168.096,-5.57909943908453,-0.8062770031392574,6.392747562378645,8.523124694223512,-2.766643168278687,7.868183238255218,-1.755287059696828
2025-01-03 06:45:00,G01,-9639694.85984877,18448631.847415525,-16490463.49424406,-9639689.452,18448632.78,-16490470.049,-5.407848769798875,-0.9325844757258892,6.554755941033363,8.54864711915823,-2.755175639518292,7.863323527602397,-1.9122023594671853
2025-01-03 06:50:00,G01,-10205433.780150514,18700584.24437255,-15854178.275629114,-10205428.55,18700585.315,-15854184.982,-5.230150513350964,-1.0706274509429932,6.706370886415243,8.571821743198818,-2.7477650059310905,7.852726419173477,-2.0641228778760894
2025-01-03 06:55:00,G01,-10745541.830023449,18949862.03252126,-15187524.852214191,-10745536.784,18949863.253,-15187531.7,-5.046023448929191,-1.2204787395894527,6.847785808146,8.593258489954719,-2.745384812580495,7.83723796559727,-2.210125511511057
2025-01-03 07:00:00,G01,-11259392.65678835,19194971.78226419,-14491780.230618613,-11259387.798,19194973.164,-14491787.209,-4.858788348734379,-1.381735809147358,6.978381387889385,8.614802659313678,-2.7467999457808494,7.819168565092632,-2.3517053105020604
2025-01-03 07:05:00,G01,-11746463.71803994,19434400.933858853,-13768276.994990395,-11746458.765,19434402.507,-13768284.27,-4.95303993858397,-1.5731411464512348,7.2750096041709185,8.940533677619301,-2.732179548073109,8.08644538104192,-2.6604019352649937
2025-01-03 07:10:00,G01,-12206336.617401345,19666624.64946921,-13018401.468097163,-12206331.83,19666626.369000003,-13018408.838,-4.787401344627142,-1.7195307910442352,7.369902836158872,8.95496876545695,-2.685785663234511,8.071213038139607,-2.7988463792139004
2025-01-03 07:15:00,G01,-12638699.720281642,19890112.400124133,-12243589.95669456,-12638695.107,19890114.277,-12243597.406,-4.613281641155481,-1.8768758662045,7.44930543936789,8.960869491670948,-2.644593685041305,8.04549890050965,-2.928011907369371
2025-01-03 07:20:00,G01,-13043347.656925958,20103335.001373183,-11445326.73409526,-13043343.224,20103337.047,-11445334.25,-4.432925958186388,-2.045626815408468,7.515904739499092,8.9623794648467,-2.6104630885135407,8.013543254666143,-3.048418055485325
2025-01-03 07:25:00,G01,-13420181.664821615,20304771.422590096,-10625141.004886055,-13420177.417,20304773.648,-10625148.573,-4.247821616008878,-2.2254099026322365,7.568113945424557,8.959508156539371,-2.582823343189649,7.975687281231187,-3.160731304141059
2025-01-03 07:30:00,G01,-13769209.227202646,20492915.632500604,-9784603.9691033,-13769205.168,20492918.049,-9784611.576,-4.059202646836639,-2.416499394923449,7.606896700337529,8.954410804924965,-2.5627492604804933,7.9341520058415425,-3.2654281556121045
2025-01-03 07:35:00,G01,-14090543.259874824,20666283.39699928,-8925325.80533875,-14090539.391,20666286.016,-8925333.44,-3.86887482367456,-2.619000717997551,7.634661249816418,8.950721175502169,-2.5511591318303504,7.89273447715621,-3.363292898153712
2025-01-03 07:40:00,G01,-14384400.850224402,20823418.999724325,-8048952.578626632,-14384397.17,20823421.832,-8048960.229,-3.6802244018763295,-2.8322756737470627,7.650373368524015,8.949527910347387,-2.5460565984537022,7.852581259196564,-3.4566766095879005
2025-01-03 07:45:00,G01,-14651101.554201616,20962901.85619024,-7157163.0791190425,-14651098.061,20962904.913,-7157170.734,-3.4932016152888536,-3.0568097606301308,7.65488095767796,8.95230394445815,-2.548680816162002,7.815113340437359,-3.5456981664274165
2025-01-03 07:50:00,G01,-14891065.258992104,21083352.99272521,-6251665.59770055,-14891061.948,21083356.283,-6251673.247,-3.3109921030700207,-3.290274791419506,7.649299450218677,8.961046757425077,-2.5561562511958345,7.783271910341495,-3.631405041842618
2025-01-03 07:55:00,G01,-15104809.620960524,21183441.362043884,-5334194.64482393,-15104806.486,21183444.895,-5334202.279,-3.134960524737835,-3.53295611590147,7.634176069870591,8.977215641519084,-2.568284054991584,7.758356652181315,-3.715133879790175
2025-01-03 08:00:00,G01,-15292947.090294074,21261889.96798552,-4406507.618966565,-15292944.123,21261893.752,-4406515.228999999,-2.9672940745949745,-3.784014482051134,7.610033434815705,9.002011364384744,-2.583357547330875,7.741826655349121,-3.7982354357894312
2025-01-03 08:05:00,G01,-15456181.535562072,21317481.772768985,-3470381.431210937,-15456178.726,21317485.814,-3470389.009,-2.80956207215786,-4.0412310138344765,7.577789063099772,9.035932394021112,-2.598820334732373,7.735258172551221,-3.880720049305434
2025-01-03 08:10:00,G01,-15595304.483133577,21349065.361059822,-2527609.092542447,-15595301.821,21349069.666,-2527616.63,-2.662133576348424,-4.304940178990364,7.537457552738488,9.079247297124454,-2.614604044993315,7.738817351676039,-3.963241497517429
2025-01-03 08:15:00,G01,-15711190.988069028,21355560.33618977,-1579996.270533061,-15711188.462,21355564.908,-1580003.7589999998,-2.526069028303027,-4.571810230612755,7.488466938957572,9.130148444376347,-2.6272443470353504,7.752192243578258,-4.044837842970187
2025-01-03 08:20:00,G01,-15804795.154685205,21335962.425035764,-629357.8221401948,-15804792.751999998,21335967.267,-629365.255,-2.4026852063834667,-4.841964237391949,7.43285980517976,9.190479789467656,-2.6360372855089054,7.777406038504546,-4.126521719590641
2025-01-03 08:25:00,G01,-15877145.326515405,21289348.269320782,322485.6906040453,-15877143.034,21289353.383,322478.322,-2.292515404522419,-5.113679219037294,7.368604045303073,9.25751951721644,-2.639027838979072,7.812213400574495,-4.207911769586072
2025-01-03 08:30:00,G01,-15929338.966804618,21214879.882464137,1273711.4952072676,-15929336.772,21214885.268000003,1273704.199,-2.194804618135094,-5.38553586602211,7.296207267558202,9.330370001621947,-2.63547977339203,7.856679071715052,-4.287498652510921
2025-01-03 08:35:00,G01,-15962537.25201837,21111808.752555232,2222498.1068130364,-15962535.142,21111814.409,2222490.891,-2.110018368810416,-5.6564447693526745,7.215813036542386,9.408267785505982,-2.624196018230552,7.910524546987959,-4.364939790328555
2025-01-03 08:40:00,G01,-15977959.402078325,20979479.57355908,3167028.822956344,-15977957.364,20979485.497,3167021.698,-2.038078324869275,-5.923440922051668,7.124956344254315,9.48714490892113,-2.60316397692332,7.970480517728538,-4.438569155553024
2025-01-03 08:45:00,G01,-15976876.772163108,20817333.58847758,4105495.2081702654,-15976874.794,20817339.775,4105488.184,-1.9781631082296367,-6.186522416770458,7.02417026553303,9.566878112276882,-2.5731293319307627,8.036516981036328,-4.507611015808129
2025-01-03 08:50:00,G01,-15960606.73194209,20624911.52986637,5036100.561664709,-15960604.804,20624917.973,5036093.649999999,-1.9279420897364616,-6.443133629858494,6.911664709448814,9.643756567304624,-2.5341672082069726,8.105915186789016,-4.568826575266643
2025-01-03 08:55:00,G01,-15930506.359008186,20401856.14485846,5957063.361342387,-15930504.472,20401862.838,5957056.576,-1.887008186429739,-6.693141538649797,6.78534238692373,9.715956713563315,-2.4874857482071437,8.176105946943258,-4.622068915178732
2025-01-03 09:00:00,G01,-15887965.97407493,20147914.293638185,6866620.677475588,-15887964.12,20147921.228,6866614.033,-1.854074930772185,-6.934361815452576,6.6444755885750055,9.78120767000138,-2.4332323829182725,8.24542526085994,-4.665229460807307
2025-01-03 09:05:00,G01,-15834402.341935102,19862938.903117824,7763031.122215435,-15834400.72,19862945.778,7763025.061000001,-1.6219351012259722,-6.87488217651844,6.0612154342234135,9.307685585239112,-2.402686007954384,7.828412332360581,-4.4244854226670185
2025-01-03 09:10:00,G01,-15771252.767917171,19546888.96294719,8644579.899615303,-15771251.193,19546896.119000003,8644574.007,-1.574917171150446,-7.156052812933922,5.892615303397179,9.402785282633792,-2.4132577294853466,7.915930371453579,-4.46392255272117
2025-01-03 09:15:00,G01,-15699967.186064972,19199832.21165064,9509579.51574987,-15699965.649,19199839.648,9509573.796999998,-1.5370649714022877,-7.436349358409643,5.718749871477485,9.506101230218158,-2.419294288599634,8.01753500729994,-4.498011577466683
2025-01-03 09:20:00,G01,-15622002.077001004,18821944.13491792,10356374.711436994,-15622000.569,18821951.848,10356369.176,-1.5080010034143925,-7.713082082569599,5.535436993464828,9.612843749243714,-2.42033708525958,8.128353890186718,-4.525328317037069
2025-01-03 09:25:00,G01,-15538813.471361369,18413508.170215894,11183345.205481002,-15538811.983,18413516.153,11183339.864,-1.488361369818449,-7.982784107327461,5.341481002047658,9.719644076127674,-2.4142144446857685,8.245625237492817,-4.544525720523093
2025-01-03 09:30:00,G01,-15451850.143011564,17974915.11943424,11988908.791175583,-15451848.667,17974923.363,11988903.656,-1.476011564955115,-8.243565760552883,5.13517558388412,9.823696598824736,-2.4020368640466656,8.366814668453321,-4.553201738697275
2025-01-03 09:35:00,G01,-15362546.84863576,17506662.110845134,12771524.358518306,-15362545.377,17506670.604,12771519.443,-1.4716357588768003,-8.493154864758253,4.915518306195736,9.92278749052488,-2.383002853431295,8.489445974252064,-4.551078557101696
2025-01-03 09:40:00,G01,-15272317.643066064,17009351.11469077,13529694.83640644,-15272316.171,17009359.843,13529690.157000002,-1.4720660634338856,-8.728309229016304,4.679406438022852,10.012352625864445,-2.35926739027767,8.608977561502233,-4.535037798230366
2025-01-03 09:45:00,G01,-15182549.299369466,16483687.01862808,14261970.04925508,-15182547.822,16483695.966,14261965.621,-1.4773694649338722,-8.947371920570731,4.428255081176758,10.091953620826066,-2.3302514963060803,8.725015408354794,-4.504615629866664
2025-01-03 09:50:00,G01,-15094594.862238754,15930475.271142447,14966949.482659414,-15094593.376,15930484.418,14966945.322,-1.4862387534230947,-9.146857552230358,4.160659413784742,10.15800154904919,-2.296632789248471,8.833695221669878,-4.458284651352055
2025-01-03 09:55:00,G01,-15009767.362633051,15350619.102893522,15643284.95291305,-15009765.864,15350628.429,15643281.078,-1.498633051291108,-9.32610647752881,3.8749130498617887,10.209657888323983,-2.2606183927523267,8.932464034241331,-4.3974771126125365
2025-01-03 10:00:00,G01,-14929333.720896509,14745116.33775914,16289683.17539318,-14929332.209,14745125.819999998,16289679.603,-1.5118965078145266,-9.482240857556462,3.5723931808024645,10.245033712453017,-2.222994193095083,9.019896301246243,-4.319778154202906
2025-01-03 10:05:00,G01,-14854508.864754446,14115055.80708992,16904908.227030236,-14854507.339,14115065.421,16904904.974,-1.5257544461637735,-9.613910080865026,3.253030236810446,10.263400966275736,-2.1850474763599754,9.09407189450061,-4.226206726871825
2025-01-03 10:10:00,G01,-14786450.087633882,13461613.382382508,17487783.898294117,-14786448.549,13461623.103,17487780.981,-1.538633881136775,-9.72061749175191,2.9172941185534,10.264911281413076,-2.1490029392204653,9.15417943168929,-4.117182157123977
2025-01-03 10:15:00,G01,-14726251.671707423,12786047.643196324,18037195.93034983,-14726250.121,12786057.446,18037193.364,-1.5507074240595102,-9.802803676575422,2.56634983047843,10.251136760813925,-2.116088164015725,9.200494939623193,-3.9948552710944494
2025-01-03 10:20:00,G01,-14674939.79889802,12089695.198690863,18552094.13326335,-14674938.24,12089705.057,18552091.931,-1.5588980205357077,-9.85830913670361,2.2022633478045464,10.220879899809376,-2.087366672432578,9.231984174944422,-3.8574284821265095
2025-01-03 10:25:00,G01,-14633467.771826802,11373965.682628838,19031494.381371245,-14633466.208,11373975.572,19031492.555,-1.5638268012553451,-9.88937116228044,1.826371245086193,10.177467670031982,-2.064314995715676,9.250335627113127,-3.708199368800335
2025-01-03 10:30:00,G01,-14602711.56534031,10640336.44306926,19474480.482166216,-14602710.0,10640346.338,19474479.042,-1.5653403103351593,-9.894930738955736,1.4401662163436413,10.120969486496284,-2.047066511711241,9.254780632292784,-3.548602188377502
2025-01-03 10:35:00,G01,-14583465.727815771,9890346.949267684,19880205.915293787,-14583464.167,9890356.829,19880204.87,-1.5608157720416784,-9.879732316359878,1.0452937856316566,10.05673384431844,-2.039170280123811,9.24973961445441,-3.3796445447579977
2025-01-03 10:40:00,G01,-14576439.649927784,9125592.93949382,20247895.438502245,-14576438.099,9125602.782,20247894.793,-1.55092778429389,-9.842506179586051,0.6455022431910038,9.984837406450293,-2.0380460886248453,9.235266527461162,-3.2020615766479854
2025-01-03 10:45:00,G01,-14582254.216972671,8347720.33456427,20576846.557639603,-14582252.682,8347730.122,20576846.316,-1.534972671419382,-9.78743572998792,0.2416396029293537,9.9100165977839,-2.045775262554846,9.214920876442616,-3.018023489698696
2025-01-03 10:50:00,G01,-14601438.859187964,7558418.942877252,20866430.858044986,-14601437.345,7558428.661,20866431.022,-1.5141879636794329,-9.71812274865806,-0.1639550141990184,9.8367452032681,-2.0615095066831155,9.19257788336072,-2.8298845570483007
2025-01-03 10:55:00,G01,-14634429.012788396,6759415.983609492,21116095.194939423,-14634427.526,6759425.621,21116095.763,-1.486788395792246,-9.637390508316455,-0.568060576915741,9.76793367927406,-2.0846347175357947,9.171518859398471,-2.636298213184362
2025-01-03 11:00:00,G01,-14681564.002672449,5952469.4554956695,21325362.740680806,-14681562.547,5952479.0030000005,21325363.711000003,-1.4556724485009909,-9.547504330985248,-0.9703191965818404,9.706458703912675,-2.113687415473866,9.153692236406066,-2.440816363758017
2025-01-03 11:05:00,G01,-14743085.439293245,5139360.838592626,21493834.020256635,-14743083.937,5139370.835,21493835.254,-1.5022932440042496,-9.996407373808324,-1.2337433658540249,10.183671639781943,-2.098340651471433,9.70724358915488,-2.252455655078027
2025-01-03 11:10:00,G01,-14819135.678986352,4321890.362351796,21621187.1706167,-14819134.174,4321900.306,21621188.76,-1.5049863513559103,-9.94364820420742,-1.5893833003938198,10.181712174402486,-2.071703180256324,9.75756100444069,-2.0409095962119563
2025-01-03 11:15:00,G01,-14909757.386655238,3501866.977922854,21707179.22831161,-14909755.888,3501876.851,21707181.174,-1.4986552372574806,-9.873077145777645,-1.945688389241696,10.17395317242349,-2.050162348114821,9.797215241640862,-1.8222873017168129
2025-01-03 11:20:00,G01,-15014892.980742743,2681103.3977266974,21751646.18366883,-15014891.497,2681113.183,21751648.488,-1.483742743730545,-9.78527330281213,-2.304331172257662,10.16184079248141,-2.035667092559458,9.826403301631622,-1.600270581399564
2025-01-03 11:25:00,G01,-15134384.76135934,1861408.639322705,21754503.37759488,-15134383.303,1861418.322,21754506.042,-1.4583593402057886,-9.682677294826137,-2.66440511867404,10.147911420451178,-2.029442655407049,9.847397760526816,-1.3748549202404166
2025-01-03 11:30:00,G01,-15267975.44922853,1044581.0711759606,21715745.659932487,-15267974.027,1044590.637,21715748.685,-1.422228530049324,-9.56582403939683,-3.025067511945963,10.133052698778364,-2.031488595887025,9.860803203641026,-1.1473322361301126
2025-01-03 11:35:00,G01,-15415309.170615084,232401.5072608004,21635447.39714181,-15415307.794,232410.943,21635450.781,-1.376615084707737,-9.435739199601812,-3.3838581889867783,10.118237968021903,-2.0395362148766467,9.86784186348595,-0.919091161398488
2025-01-03 11:40:00,G01,-15575932.884059977,-573373.6203220407,21513762.32930266,-15575931.565,-573364.327,21513766.071,-1.3190599773079157,-9.293322040699422,-3.7416973374783993,10.10475396737487,-2.056119250652811,9.869238689908151,-0.6903289432532191
2025-01-03 11:45:00,G01,-15749298.242850749,-1371018.9818718918,21350923.27670405,-15749296.992,-1371009.84,21350927.374,-1.25085074827075,-9.141871891682968,-4.097295951098204,10.095854762687424,-2.0795861984980744,9.86854105548505,-0.4620628404240445
2025-01-03 11:50:00,G01,-15934763.885286096,-2158846.935367735,21147241.696556333,-15934762.714,-2158837.955,21147246.144,-1.1712860967963934,-8.980367735028267,-4.447443667799234,10.089532742160698,-2.1079061595249167,9.864117622094248,-0.2336367164195674
2025-01-03 11:55:00,G01,-16131598.142958218,-2935213.948690969,20903107.090629663,-16131597.061,-2935205.136,20903111.884000003,-1.0819582175463438,-8.812690969090909,-4.7933703400194645,10.090121650296927,-2.140868558889744,9.860384838213236,-0.0068973678097257
2025-01-03 12:00:00,G01,-16338982.155480504,-3698526.831669768,20618986.26489077,-16338981.173,-3698518.193,20618991.399,-0.9824805036187172,-8.638669767882675,-5.134109228849411,10.097076847894032,-2.1778153708629397,9.857005930917497,0.2179797251307822
2025-01-03 12:05:00,G01,-16556013.378341513,-4447248.751634299,20295422.44247628,-16556012.506,-4447240.295,20295427.909,-0.872341513633728,-8.45663429889828,-5.466523721814156,10.10735004750842,-2.2168538950644283,9.8513636318326,0.4412690610184944
2025-01-03 12:10:00,G01,-16781709.46887557,-5179905.007086511,19933034.23160672,-16781708.716000002,-5179896.736,19933040.022,-0.752875566482544,-8.271086511202157,-5.790393281728029,10.124541868720668,-2.2563020533993217,9.847627591823692,0.6630836357929852
2025-01-03 12:15:00,G01,-17015012.533711273,-5895088.535117174,19532514.45030923,-17015011.909,-5895080.450999999,19532520.556,-0.6247112713754177,-8.08411717414856,-6.105690773576498,10.150008595094112,-2.295123872333331,9.847575843930125,0.8833633958761711
2025-01-03 12:20:00,G01,-17254793.719501518,-6591465.129330108,19094628.810078666,-17254793.232,-6591457.234999999,19094635.22,-0.4875015169382095,-7.89433010853827,-6.409921333193779,10.180628521330284,-2.3318153442143963,9.848499588148186,1.1022205550863826
2025-01-03 12:25:00,G01,-17499858.127255015,-7267778.346263608,18620214.46086706,-17499857.783999998,-7267770.642,18620221.164,-0.343255016952753,-7.70426360797137,-6.703132942318916,10.217900615594983,-2.36441072212216,9.852688869262128,1.3189302380369825
2025-01-03 12:30:00,G01,-17748950.029191412,-7922854.079618034,18110178.40004789,-17748949.838,-7922846.567,18110185.383,-0.1911914125084877,-7.512618034146726,-6.982952110469341,10.258538105417935,-2.3920329380115555,9.857154583625428,1.5337164008681348
2025-01-03 12:35:00,G01,-18000758.365729548,-8555604.783011567,17565495.748256147,-18000758.333,-8555597.461,17565502.998,-0.032729547470808,-7.3220115676522255,-7.249743852764368,10.30396576813051,-2.413278051914719,9.863980633310216,1.7463349222394684
2025-01-03 12:40:00,G01,-18253922.49900184,-9165033.323480308,16987207.895255238,-18253922.631,-9165026.193,16987215.398000002,0.1319981627166271,-7.13048030808568,-7.502744764089584,10.351442021961573,-2.4282327601808302,9.870834709679688,1.95516232845234
2025-01-03 12:45:00,G01,-18507038.198171828,-9750236.449505256,16376420.519229008,-18507038.501,-9750229.511,16376428.26,0.3028281703591347,-6.938505256548524,-7.7407709918916225,10.399716132896389,-2.4361229303771563,9.876912188716927,2.1600940556584383
2025-01-03 12:50:00,G01,-18758663.83081784,-10310407.858993668,15734301.483138978,-18758664.311,-10310401.113,15734309.446,0.480182159692049,-6.745993668213487,-7.962861021980643,10.447304012683922,-2.4370785202355902,9.880941605138542,2.3608901743812893
2025-01-03 12:55:00,G01,-19007326.733743392,-10844840.854343152,15062078.612024331,-19007327.397,-10844834.302,15062086.781,0.6632566079497337,-6.552343152463436,-8.168975668027997,10.493106002535995,-2.4312783852139828,9.882411144899596,2.555799083889901
2025-01-03 13:00:00,G01,-19251529.73578334,-11352930.573481,14361037.355354318,-19251530.59,-11352924.216,14361045.714,0.8542166613042355,-6.357480999082327,-8.358645681291819,10.536328031317218,-2.420687361527805,9.880125674287289,2.745468583238504
2025-01-03 13:05:00,G01,-19489757.77688621,-11834175.255254086,13632518.800394656,-19489758.856,-11834169.626999998,13632526.87,1.0791137889027596,-5.628254087641835,-8.069605343043804,9.897487612365987,-2.4254853698863057,9.21481065591328,2.676667019461468
2025-01-03 13:10:00,G01,-19720484.71666203,-12288179.779926416,12877915.193136385,-19720486.045,-12288174.298,12877923.495,1.3283379711210728,-5.481926415115595,-8.301863614469767,10.036779287177794,-2.4747440249548047,9.28954448002163,2.883911202546172
2025-01-03 13:15:00,G01,-19942180.10667224,-12714653.232353998,12098670.275287082,-19942181.696,-12714647.892,12098678.805,1.58932776004076,-5.340353997424245,-8.529712917283177,10.18829455786928,-2.521765301798697,9.37440264304254,3.0923487588999268
2025-01-03 13:20:00,G01,-20153316.019745894,-13113411.634828111,11296274.478152389,-20153317.88,-13113406.433,11296283.227,1.860254105180502,-5.201828110963106,-8.748847611248493,10.347071834905536,-2.563707410008736,9.465610859941368,3.300228919442065
2025-01-03 13:25:00,G01,-20352373.91474942,-13484377.38021464,10472262.604551043,-20352376.055,-13484372.315,10472271.559,2.140250578522682,-5.065214641392231,-8.954448956996202,10.508055387448778,-2.5985524653678347,9.558804866178036,3.506565647575016
2025-01-03 13:30:00,G01,-20537851.466172434,-13827578.789375396,9628210.899864126,-20537853.895,-13827573.863,9628220.046,2.428827565163374,-4.926375396549702,-9.14613587409258,10.66865405364664,-2.6284083358344823,9.652390402606636,3.707156383560593
2025-01-03 13:35:00,G01,-20708269.34170246,-14143149.219243744,8765734.042821584,-20708272.067,-14143144.434,8765743.360000001,2.7252975404262543,-4.785243744030595,-9.317178416997194,10.82292095636828,-2.6512252758389447,9.740771262921076,3.901794172941385
2025-01-03 13:40:00,G01,-20862177.89844063,-14431325.725638522,7886482.06172946,-20862180.927,-14431321.084,7886491.529,3.028559371829033,-4.641638521105051,-9.467270540073514,10.970241178216805,-2.667471154204507,9.824122379515115,4.088692776675783
2025-01-03 13:45:00,G01,-20998163.7687358,-14692447.286823817,6992137.182000616,-20998167.105,-14692442.794,6992146.774,3.3362642005085945,-4.49282381683588,-9.591999384574592,11.105069871837925,-2.676998360056044,9.898235387699485,4.263940999633235
2025-01-03 13:50:00,G01,-21114856.307074167,-14926952.595711088,6084410.610996814,-21114859.955,-14926948.257,6084420.301,3.647925831377506,-4.338711088523269,-9.690003185532987,11.226216571781674,-2.6810160030205346,9.962301061205244,4.426358466505187
2025-01-03 13:55:00,G01,-21210933.870042097,-15135377.43045924,5165039.266326311,-21210937.833,-15135373.252,5165049.024,3.9629579037427902,-4.17845924012363,-9.75767368916422,11.330346543350725,-2.680831856348177,10.013203216549986,4.574456764959247
2025-01-03 14:00:00,G01,-21285129.90207909,-15318351.615054356,4235782.453862823,-21285134.182,-15318347.601,4235792.247,4.279920909553766,-4.014054356142879,-9.793137177824974,11.41647454995643,-2.676233859668562,10.050130514523136,4.708347918242374
2025-01-03 14:05:00,G01,-21336238.800565224,-15476595.583212484,3298418.5018630284,-21336243.399,-15476591.74,3298428.298,4.598434776067734,-3.8432124834507695,-9.7961369715631,11.483909793634156,-2.6707447968193825,10.072897252960692,4.825354630479041
2025-01-03 14:10:00,G01,-21363121.534718063,-15610916.560673984,2354741.3576558926,-21363126.451,-15610912.892,2354751.123,4.916281938552856,-3.6686739828437567,-9.76534410752356,11.5321698925259,-2.663440504978818,10.08124467208122,4.926005782391351
2025-01-03 14:15:00,G01,-21364710.993829954,-15722204.382598076,1406557.1534617725,-21364716.227,-15722200.893,1406566.855,5.233170047402382,-3.489598076790571,-9.701538227498531,11.562145452388377,-2.657293401281429,10.07625275156825,5.009104683294678
2025-01-03 14:20:00,G01,-21340017.041525844,-15811426.964355135,455680.7479691188,-21340022.59,-15811423.657,455690.351,5.548474155366421,-3.307355135679245,-9.603030881204177,11.573347206043463,-2.653539185879972,10.05688243193234,5.075451811506462
2025-01-03 14:25:00,G01,-21288131.25398701,-15879625.445505338,-496067.74964772176,-21288137.116,-15879622.323,-496058.276,5.86201298981905,-3.122505336999893,-9.47364772175206,11.569928134100836,-2.654355114788809,10.027481722905591,5.12515816825655
2025-01-03 14:30:00,G01,-21208231.321434207,-15927909.028176574,-1446866.4665436335,-21208237.495,-15927906.09,-1446857.153,6.173565793782473,-2.9381765741854906,-9.313543633557856,11.553695997620824,-2.6599662978550005,9.988885033817311,5.160876503162573
2025-01-03 14:35:00,G01,-21099585.09361616,-15957449.532368995,-2394895.257097722,-21099591.577,-15957446.778,-2394886.133,6.48338383808732,-2.754368994385004,-9.124097722116858,11.526923865105529,-2.672669416926474,9.94296178533402,5.183080446525267
2025-01-03 14:40:00,G01,-20961554.251574,-15969475.69194778,-3338339.1911221268,-20961561.044,-15969473.12,-3338330.282,6.792426001280546,-2.57194778136909,-8.909122126642615,11.494538852881156,-2.694255400767838,9.894225815349692,5.193236639196743
2025-01-03 14:45:00,G01,-20793597.58956308,-15965267.216203336,-4275392.032620182,-20793604.689,-15965264.822,-4275383.359999999,7.099436920136213,-2.394203335046768,-8.672620182856917,11.460739724321437,-2.7226819639169646,9.847011402499824,5.193450143309273
2025-01-03 14:50:00,G01,-20595273.89269301,-15946148.642873071,-5204259.702345781,-20595281.3,-15946146.421,-5204251.2870000005,7.407306991517544,-2.2218730710446835,-8.415345780551434,11.429040266648071,-2.760719259918304,9.803103888592483,5.186573506086857
2025-01-03 14:55:00,G01,-20366244.39758373,-15913483.009426195,-6123163.717446425,-20366252.115,-15913480.952,-6123155.573,7.717416267842054,-2.057426195591688,-8.144446425139904,11.407169849416386,-2.8072273601042754,9.770398367737736,5.175163210742627
2025-01-03 15:00:00,G01,-20106274.82513939,-15868665.370190218,-7030344.601517748,-20106282.856,-15868663.467,-7030336.739999999,8.030860610306263,-1.903190217912197,-7.86151774879545,11.398259361075764,-2.8613264120665702,9.75127907376551,5.161945762162207
2025-01-03 15:05:00,G01,-19815236.673306547,-15813116.272610608,-7924065.561747335,-19815245.326,-15813114.428,-7924057.686,8.652693454176188,-1.84461060911417,-7.875747335143387,11.844791614807674,-3.0073486277560506,10.132084628056257,5.347504438451464
2025-01-03 15:10:00,G01,-19493109.569207195,-15748274.758144144,-8802614.668619892,-19493118.56,-15748272.996,-8802607.022,8.99079280346632,-1.7621441446244717,-7.646619891747832,11.933578800601676,-3.019400682945558,10.223010090434885,5.365033755426351
2025-01-03 15:15:00,G01,-19139980.20964631,-15675591.947587304,-9664309.748579811,-19139989.527000003,-15675590.263,-9664302.352999998,9.317353691905735,-1.6845873035490513,-7.3955798130482435,12.01438783186704,-3.029081663014137,10.313150112326117,5.367412226942715
2025-01-03 15:20:00,G01,-18756043.74845581,-15596524.047449676,-10507500.625929397,-18756053.381,-15596522.434,-10507493.501999998,9.632544189691544,-1.613449675962329,-7.123929398134351,12.088817042739382,-3.036476546593205,10.403361292451606,5.356246959722375
2025-01-03 15:25:00,G01,-18341603.318616223,-15512525.55935261,-11330572.509587476,-18341613.255,-15512524.011,-11330565.678,9.93638377636671,-1.5483526103198528,-6.831587476655841,12.15729023295606,-3.043095876059508,10.49336810204391,5.331838254527774
2025-01-03 15:30:00,G01,-17897069.37430728,-15425042.479980089,-12131949.089814754,-17897079.603,-15425040.992,-12131942.569999998,10.2286927215755,-1.4879800882190466,-6.519814755767584,12.220811101758864,-3.05023560305167,10.584145766323005,5.293405817427518
2025-01-03 15:35:00,G01,-17422958.582014725,-15335505.551565472,-12910095.561063726,-17422969.091,-15335504.119,-12910089.371,10.50898527354002,-1.4325654711574316,-6.19006372615695,12.280386974461251,-3.057824275779159,10.676489504149718,5.241200893760341
2025-01-03 15:40:00,G01,-16919892.265178107,-15245323.592281938,-13663521.565131104,-16919903.044,-15245322.21,-13663515.723,10.778821893036366,-1.3822819367051125,-5.842131104320288,12.337917190288152,-3.0678271194584945,10.770896152878407,5.176913503568701
2025-01-03 15:45:00,G01,-16388594.40878393,-15155876.935554177,-14390784.048952203,-16388605.446000002,-15155875.597,-14390778.571,11.037216072902083,-1.3385541774332523,-5.477952202782035,12.394346544365163,-3.078638685550703,10.868208586408466,5.101357880796506
2025-01-03 15:50:00,G01,-15829889.232201727,-15068511.006829156,-15090490.031550352,-15829900.518,-15068509.708,-15090484.932,11.285798272117972,-1.2988291550427675,-5.099550351500511,12.452373813872562,-3.092272134732357,10.971149697723106,5.013316362980404
2025-01-03 15:55:00,G01,-15244698.340417985,-14984530.065741217,-15761299.274836998,-15244709.866,-14984528.801,-15761294.569,11.525582015514374,-1.2647412158548832,-4.705836998298764,12.513333408568158,-3.109453325779427,11.07939446151801,4.915468581414316
2025-01-03 16:00:00,G01,-14634037.46563244,-14905191.140884072,-16401926.853151657,-14634049.222,-14905189.905,-16401922.552,11.75636755861342,-1.2358840722590685,-4.301151657477021,12.579328010426432,-3.12802503745662,11.196119047930992,4.806440556534575
2025-01-03 16:05:00,G01,-13999012.81294327,-14831698.18355947,-17011145.616632745,-13999024.792,-14831696.972,-17011141.733,11.979056729003789,-1.211559470742941,-3.883632745593786,12.651018922224653,-3.1501014385985497,11.32063936611936,4.687031580786952
2025-01-03 16:10:00,G01,-13340817.025542224,-14765196.465921016,-17587788.543721132,-13340829.22,-14765195.274,-17587785.087,12.1944577768445,-1.191921016201377,-3.456721130758524,12.730844322193969,-3.173795822913977,11.455902557335175,4.556721829038223
2025-01-03 16:15:00,G01,-12660724.786476284,-14706767.247864064,-18130750.978317235,-12660737.189,-14706766.07,-18130747.959,12.402523715049028,-1.1778640635311604,-3.019317235797644,12.818979476732787,-3.199083261616181,11.6010403883171,4.416781975463474
2025-01-03 16:20:00,G01,-11960088.07558735,-14657422.735845936,-18638992.747338552,-11960100.679,-14657421.568,-18638990.173,12.603412648662925,-1.1678459364920857,-2.574338551610708,12.916543403796808,-3.224614387907339,11.757958644265,4.264899069288937
2025-01-03 16:25:00,G01,-11240331.101718316,-14618101.35555154,-19111540.15465856,-11240343.899,-14618100.193,-19111538.032,12.797281684353948,-1.1625515408813951,-2.122658558189869,13.02411701224169,-3.248997270225918,11.926908166267554,4.101280565877959
2025-01-03 16:30:00,G01,-10502944.93166407,-14589663.358957233,-19547487.84764674,-10502957.916,-14589662.198,-19547486.184,12.98433592915535,-1.160957232117653,-1.6636467389762402,13.141861424017035,-3.2728029405257324,12.10738642916228,3.925363225930855
2025-01-03 16:35:00,G01,-9749481.83864174,-14572886.784895249,-19946000.552776214,-9749495.001,-14572885.623,-19945999.354,13.162358259782197,-1.1618952490389347,-1.1987762153148651,13.267808407683631,-3.294197090609433,12.29771389529664,3.734867925462536
2025-01-03 16:40:00,G01,-8981549.394253084,-14568463.790689358,-20306314.67701608,-8981562.726,-14568462.625,-20306313.947,13.331746915355325,-1.1656893584877253,-0.730016078799963,13.402508383540903,-3.3111754429026274,12.49828543310474,3.529335545091267
2025-01-03 16:45:00,G01,-8200804.329009024,-14576997.370823853,-20627739.77198194,-8200817.819,-14576996.199,-20627739.516000003,13.48999097570777,-1.1718238536268473,-0.2559819370508194,13.54321063930936,-3.3237464241695127,12.70526131403532,3.30871562250372
2025-01-03 16:50:00,G01,-7408946.187470661,-14598998.476934817,-20909659.85807872,-7408959.825,-14598997.298,-20909660.08,13.637529339641333,-1.1789348162710669,0.2219212800264358,13.690191483143062,-3.331372418210449,12.918498878196637,3.071756401530205
2025-01-03 16:55:00,G01,-6607710.804940652,-14634883.551674057,-21151534.606134627,-6607724.575999999,-14634882.365,-21151535.309,13.771059347316625,-1.1866740565747025,0.7028653733432293,13.839952694894189,-3.332380803522627,13.133871997398302,2.8179664890093337
2025-01-03 17:00:00,G01,-5798863.633397427,-14684972.487207703,-21352900.37429341,-5798877.523,-14684971.295,-21352901.56,13.889602572657168,-1.1922077033668756,1.185706589370966,13.991008503692994,-3.3271126970719327,13.3491395758219,2.5454101116751127
2025-01-03 17:05:00,G01,-4984192.977346887,-14749487.070383145,-21513371.15247277,-4984206.933999999,-14749485.821,-21513372.771,13.95665311254561,-1.2493831440806389,1.6185272298753262,14.105628477260057,-3.2367619535410945,13.540279472345832,2.270012908634817
2025-01-03 17:10:00,G01,-4165503.0650730953,-14828549.57703323,-21632639.060467493,-4165517.011,-14828548.353,-21632641.194,13.945926904678345,-1.2240332290530205,2.1335325054824352,14.161182702317184,-3.2420572257963345,13.644808279069265,1.961470749338892
2025-01-03 17:15:00,G01,-3344607.00778387,-14922182.44467495,-21710475.346612163,-3344620.927,-14922181.254,-21710477.996000003,13.919216129928827,-1.1906749494373798,2.649387840181589,14.219055539472045,-3.250023734360097,13.744841560144504,1.6426249259070107
2025-01-03 17:20:00,G01,-2523319.965506075,-15030307.715986302,-21746730.53048404,-2523333.845,-15030306.566,-21746733.695,13.879493925254792,-1.1499863024801016,3.1645159609615803,14.28205102162351,-3.259424266455468,13.842838678715644,1.3148962508701494
2025-01-03 17:25:00,G01,-1703452.0907869807,-15152747.291631533,-21741334.77327548,-1703465.919,-15152746.189,-21741338.452,13.828213019296529,-1.1026315335184336,3.678724519908428,14.351595231859305,-3.2696980601726877,13.939743545829836,0.9802602567304032
2025-01-03 17:30:00,G01,-886801.5590697252,-15289223.557494694,-21694298.014766444,-886815.324,-15289222.509,-21694302.206,13.764930274803191,-1.048494694754481,4.191233556717634,14.427026212011874,-3.2800166690845844,14.03463987936662,0.6398901695580175
2025-01-03 17:35:00,G01,-75147.65324924281,-15439360.458912447,-21605709.95766473,-75161.345,-15439359.471,-21605714.658,13.691750757192494,-0.9879124462604524,4.700335271656513,14.509760903079547,-3.2886206511864144,14.12910119172764,0.2943385653404817
2025-01-03 17:40:00,G01,729756.068233992,-15602685.017369555,-21475739.899311297,729742.4600000001,-15602684.096,-21475745.106,13.60823399189394,-0.9213695544749498,5.206688702106476,14.599402778014388,-3.295431744042977,14.222509462356625,-0.0539971131115488
2025-01-03 17:45:00,G01,1526188.4907538297,-15778629.2832063,-21304636.411031988,1526174.976,-15778628.436,-21304642.12,13.514753829687834,-0.847206300124526,5.708968013525009,14.695531476319063,-3.3000569852044417,14.31445794063184,-0.4056638161949255
2025-01-03 17:50:00,G01,2312467.521790587,-15966532.716001231,-21092726.865701005,2312454.1100000003,-15966531.949,-21092733.072,13.411790586542338,-0.7670012321323156,6.206298995763063,14.798059496169346,-3.300564991894823,14.405331132821448,-0.7584659123594588
2025-01-03 17:55:00,G01,3086956.50022859,-16165644.982441127,-20840416.8143652,3086943.202,-16165644.303,-20840423.513,13.298228589817882,-0.6794411279261112,6.698634799569845,14.905577212955402,-3.297575976073772,14.493686861818784,-1.1114251593958122
2025-01-03 18:00:00,G01,3848070.409460316,-16375129.159681387,-20548189.21306128,3848057.235,-16375128.575,-20548196.397,13.174460316076877,-0.5846813879907131,7.183938719332218,15.017231185157527,-3.289244399854833,14.57926703819951,-1.4639249896633029
2025-01-03 18:05:00,G01,4594281.867929441,-16594065.330442624,-20216603.501239803,4594268.828,-16594064.848999998,-20216611.165,13.039929441176357,-0.4814426265656948,7.66376019641757,15.132903461719652,-3.277589414468066,14.661890627355868,-1.8141493994012177
2025-01-03 18:10:00,G01,5324126.871699601,-16821454.554389518,-19846294.533490665,5324113.978999999,-16821454.185,-19846302.67,12.89269960206002,-0.3693895190954208,8.136509336531162,15.249948715626386,-3.2620154925896334,14.73949382667507,-2.1604426603702267
2025-01-03 18:15:00,G01,6036210.264695045,-17056223.198703017,-19437971.36654276,6036197.531,-17056222.952,-19437979.967,12.73369504418224,-0.2467030175030231,8.600457239896059,15.36800951952975,-3.242460146393654,14.81198216134858,-2.5034682429176622
2025-01-03 18:20:00,G01,6729210.913420102,-17297227.609197002,-18992415.90378733,6729198.351,-17297227.496,-18992424.959,12.562420101836324,-0.1131970025599002,9.055212669074535,15.486254836421164,-3.219213008747175,14.879094798323042,-2.841354332955862
2025-01-03 18:25:00,G01,7401886.564234883,-17543259.101845756,-18510481.399847586,7401874.187,-17543259.134,-18510490.9,12.377234882675111,0.0321542434394359,9.50015241280198,15.602880282266732,-3.1933873367417247,14.939512689739036,-3.17224069285606
2025-01-03 18:30:00,G01,8053078.362616679,-17793049.25319485,-17993090.827987496,8053066.184,-17793049.445,-17993100.763,12.178616678342223,0.191805150359869,9.935012504458427,15.718141330241476,-3.166921328723363,14.993563791777742,-3.49622954009227
2025-01-03 18:35:00,G01,8681715.015292637,-18045275.466820315,-17441235.113418918,8681703.049,-18045275.834,-17441245.470000003,11.966292636469008,0.3671796843409538,10.356581084430218,15.82990057266889,-3.139438285054976,15.039523312364183,-3.813452232789618
2025-01-03 18:40:00,G01,9286816.577652674,-18298566.791797232,-16855971.235828523,9286804.838,-18298567.35,-16855982.0,11.739652674645184,0.5582027696073055,10.764171477407215,15.937327970783818,-3.111612793702153,15.077395956246392,-4.121701086804108
2025-01-03 18:45:00,G01,9867497.850468222,-18551509.9680316,-16238420.204702944,9867486.352,-18551510.734,-16238431.362,11.498468222096562,0.7659684009850025,11.157297056168318,16.040160742506735,-3.085042829263825,15.10744456080862,-4.419772191997702
2025-01-03 18:50:00,G01,10422971.37161206,-18802655.672316983,-15589764.911282592,10422960.127,-18802656.665,-15589776.443999998,11.24461206048727,0.9926830157637596,11.532717406749724,16.137852730291897,-3.0597807194889057,15.129038495208768,-4.709588825335478
2025-01-03 18:55:00,G01,10952549.990224298,-19050524.9380904,-14911247.861220185,10952539.013,-19050526.177,-14911259.753,10.977224297821522,1.2389096021652222,11.891779815778136,16.231105244990825,-3.0386550408798643,15.143595484547255,-4.988674053985089
2025-01-03 19:00:00,G01,11455649.01255721,-19293615.72109893,-14204168.792259244,11455638.315,-19293617.225,-14204181.022,10.69755721092224,1.5039010718464851,12.22974075563252,16.317659380708818,-3.0193199821826315,15.149653014382835,-5.257159694533561
2025-01-03 19:05:00,G01,11931788.148164514,-19530409.528393555,-13469881.979489775,11931777.504,-19530411.371,-13469894.728,10.644164513796568,1.8426064439117908,12.748510224744678,16.709815967099427,-3.0389718401500616,15.4215834664942,-5.670746264386947
2025-01-03 19:10:00,G01,12380591.75981252,-19759378.43239873,-12709794.516805144,12380581.482,-19759380.553,-12709807.487,10.277812520042062,2.1206012703478336,12.970194855704904,16.68401434127555,-2.9938040927104907,15.325448999364818,-5.875719918633457
2025-01-03 19:15:00,G01,12801791.29626516,-19978991.50439727,-11925362.196606323,12801781.393,-19978993.916,-11925375.357,9.903265161439776,2.411602731794119,13.160393677651882,16.645913923379617,-2.950083416366158,15.2190795670697,-6.063256164161814
2025-01-03 19:20:00,G01,13195224.514592636,-20187721.95729274,-11118087.721900068,13195214.992,-20187724.673,-11118101.043,9.522592635825276,2.715707261115313,13.321099931374192,16.598389675435556,-2.909848848873434,15.105721601497992,-6.233497765488708
2025-01-03 19:25:00,G01,13560835.68748411,-20384053.93166822,-10289517.55807948,13560826.547,-20384056.965,-10289531.014,9.140484109520912,3.033331781625748,13.4559205211699,16.5472459498814,-2.87434105474612,14.99105379201142,-6.388882393023633
2025-01-03 19:30:00,G01,13898675.058784686,-20566489.32580286,-9441238.96387382,13898666.299,-20566492.69,-9441252.53,8.759784685447812,3.3641971424221992,13.566126178950071,16.495194138041608,-2.843722895755486,14.877908490211343,-6.530888813992734
2025-01-03 19:35:00,G01,14208897.848680098,-20733554.5660123,-8574876.94353714,14208889.464,-20733558.275,-8574890.600000001,8.384680097922683,3.708987697958946,13.656462861225007,16.448660370015837,-2.819020841810272,14.772440685492851,-6.662322842309897
2025-01-03 19:40:00,G01,14491762.813172324,-20883807.28789829,-7692091.126188758,14491754.796,-20883811.355,-7692104.853,8.017172323539853,4.067101709544659,13.72681124228984,16.40858663208289,-2.799251343926562,14.675668981371752,-6.784588942986714
2025-01-03 19:45:00,G01,14747630.36441752,-21015842.89946908,-6794572.578370451,14747622.705,-21015847.339,-6794586.361,7.659417519345879,4.439530920237303,13.782629548572004,16.38099474392736,-2.785967132554985,14.593580591230474,-6.899476897864094
2025-01-03 19:50:00,G01,14976960.260393864,-21128300.99759874,-5884040.556024512,14976952.946,-21128305.824,-5884054.38,7.314393863081932,4.826401259750128,13.823975487612188,16.36755342091514,-2.777577141587188,14.527364065063107,-7.009819079702159
2025-01-03 19:55:00,G01,15180308.874236036,-21219871.60991897,-4962239.202222872,15180301.891,-21219876.837,-4962253.055,6.983236035332084,5.227081030607224,13.852777128107846,16.370320576785364,-2.773185348859569,14.479472606547631,-7.116299027150951
2025-01-03 20:00:00,G01,15358326.055389052,-21289301.234989308,-4030934.1970901177,15358319.388,-21289306.877,-4030948.07,6.667389051988721,5.642010692507029,13.872909882105889,16.393413007118863,-2.7725666334749763,14.45421426329183,-7.220287689265996
2025-01-03 20:05:00,G01,15511751.596500952,-21335398.654462125,-3091909.3664621096,15511745.229,-21335404.726,-3091923.249,6.367500951513648,6.071537874639034,13.882537890225649,16.435738462395122,-2.7746436221304087,14.450186992735404,-7.323042226384185
2025-01-03 20:10:00,G01,15641411.321682392,-21357040.49194148,-2146963.2559063784,15641405.237000002,-21357047.006,-2146977.14,6.084682390093803,6.514058519154787,13.884093621745706,16.499223432534347,-2.777084475905914,14.470292857864942,-7.424473065342456
2025-01-03 20:15:00,G01,15748212.81339351,-21353176.49433444,-1197905.6768005074,15748206.994,-21353183.465,-1197919.5529999998,5.819393509998918,6.97066555917263,13.876199492486194,16.583257566513495,-2.779564876705531,14.513447595711716,-7.525841447973896
2025-01-03 20:20:00,G01,15833140.796785517,-21322834.51269133,-246554.2312199869,15833135.225,-21322841.952,-246568.09000000003,5.571785517036915,7.439308669418096,13.858780013135402,16.686937729230696,-2.7796160980002207,14.579823375056607,-7.6260327483635795
2025-01-03 20:25:00,G01,15897252.201799748,-21265125.16083684,705269.1775727267,15897246.861,-21265133.081,705255.3470000001,5.3407997488975525,7.920163162052631,13.830572726670653,16.80886279374919,-2.7773207019171124,14.668333561362443,-7.724270105996843
2025-01-03 20:30:00,G01,15941670.92472088,-21179246.13148732,1655741.8422208962,15941665.798,-21179254.542,1655728.052,5.126720879226923,8.410512678325176,13.790220896247774,16.946686485949947,-2.769833679508104,14.777721993526674,-7.819024039033205
2025-01-03 20:35:00,G01,15967582.312170314,-21064486.1510391,2603043.749120808,15967577.383,-21064495.06,2603030.014,4.929170314222574,8.908960897475481,13.735120808240026,17.097363769783584,-2.7560977148961165,14.90539396499455,-7.909045707957237
2025-01-03 20:40:00,G01,15976227.391725026,-20920228.555775423,3545361.0702016293,15976222.645,-20920237.969,3545347.4080000003,4.7467250265181065,9.413224577903748,13.662201629020274,17.256765304755948,-2.735439260120108,15.048109162421849,-7.991728941440508
2025-01-03 20:45:00,G01,15968896.87442968,-20745954.47388398,4480889.641835663,15968892.297,-20745964.395,4480876.075,4.577429680153728,9.921116020530462,13.56683566235006,17.41954176948383,-2.708321679999392,15.20107780043494,-8.064283157327827
2025-01-03 20:50:00,G01,15946924.955450611,-20541245.599382907,5407838.424111839,15946920.535,-20541256.028,5407824.976,4.420450611039996,10.428617093712091,13.448111839592457,17.582609309829266,-2.6730550862344447,15.362711422924171,-8.123424424711908
2025-01-03 20:55:00,G01,15911682.939975493,-20305786.54582465,6324432.933755299,15911678.665,-20305797.479,6324419.634,4.274975493550301,10.93317534774542,13.299755299463868,17.739594969463678,-2.6305733523961123,15.526279014751848,-8.167494932619237
2025-01-03 21:00:00,G01,15864572.722209532,-20039366.769463345,7228918.64403947,15864568.584,-20039378.199,7228905.525,4.138209531083703,11.429536655545236,13.119039469398558,17.88486183573251,-2.580929486562733,15.687769326200565,-8.191518750302238
2025-01-03 21:05:00,G01,15807019.899983574,-19741882.42095321,8119563.820653563,15807016.137,-19741893.969,8119551.444,3.76298357360065,11.54804679006338,12.37665356323123,17.340674250585693,-2.5602858207474286,15.242258976675132,-7.862408108777608
2025-01-03 21:10:00,G01,15740467.972783128,-19413335.94072146,8994664.849065712,15740464.391,-19413347.93,8994652.816,3.581783127039671,11.98927854001522,12.033065712079406,17.359914766796425,-2.5653058199797867,15.295205948633356,-7.800161648921469
2025-01-03 21:15:00,G01,15666370.261604078,-19053838.757856023,9852546.63102877,15666366.845,-19053851.182,9852534.96,3.4166040774434805,12.424143977463244,11.671028768643737,17.385207778834552,-2.5680288324765064,15.360190416428605,-7.727562862887211
2025-01-03 21:20:00,G01,15586183.877193194,-18663610.06081137,10691567.581794536,15586180.609,-18663622.911,10691556.29,3.268193194642663,12.850188627839088,11.29179453663528,17.415885231194537,-2.5662280495738745,15.436906831558405,-7.643915191674081
2025-01-03 21:25:00,G01,15501362.721601604,-18242976.809519544,11510122.350375244,15501359.585,-18242990.075000003,11510111.454,3.1366016026586294,13.26548045873642,10.896375244483352,17.451138498204298,-2.5585399915563416,15.52479239065363,-7.548306381051189
2025-01-03 21:30:00,G01,15413350.69648965,-17792372.9651588,12306644.886953516,15413347.675,-17792386.634,12306634.402,3.021489650011062,13.66884119808674,10.48495351523161,17.49002200170729,-2.5447245818929174,15.62273177168953,-7.440127580381766
2025-01-03 21:35:00,G01,15323574.969725275,-17312338.27073648,13079611.433666274,15323572.049,-17312352.330000002,13079601.375,2.9207252748310566,14.05926352366805,10.05866627395153,17.531979185753954,-2.525281198539508,15.730584550578396,-7.317237097095937
2025-01-03 21:40:00,G01,15233439.329523245,-16803516.58757515,13827543.433099458,15233436.495,-16803531.022,13827533.816,2.834523245692253,14.434424851089716,9.617099458351731,17.574861160303808,-2.4992613995015445,15.845807274596188,-7.179124534180437
2025-01-03 21:45:00,G01,15144317.65496341,-16266653.79470214,14549010.349004967,15144314.894,-16266668.589000002,14549001.19,2.760963410139084,14.79429786093533,9.159004967659712,17.61764854195411,-2.469036959116207,15.966608654373626,-7.025155138530203
2025-01-03 21:50:00,G01,15057547.531209389,-15702595.260008091,15242632.393936774,15057544.832,-15702610.397,15242623.708,2.69920938834548,15.13699190877378,8.685936773195863,17.659551324888508,-2.433770137803749,16.092218921629936,-6.85397739207255
2025-01-03 21:55:00,G01,14974424.037097786,-15112282.893874764,15907083.158696547,14974421.39,-15112298.355,15907074.962,2.647097785025835,15.461125236004593,8.196696547791362,17.698569279562726,-2.3952997377740592,16.219983299396723,-6.664385603864212
2025-01-03 22:00:00,G01,14896193.732003942,-14496751.7977552,16541092.138681494,14896191.128,-14496767.563,16541084.447,2.604003941640258,15.765244798734784,7.691681493073702,17.733745917966814,-2.353785898681008,16.34819751081386,-6.456150120125347
2025-01-03 22:05:00,G01,14824048.868014438,-13857126.521911835,17143447.15243738,14824046.3,-13857142.571,17143439.982,2.5680144373327494,16.049088165163994,7.170437380671501,17.764658772790643,-2.311365862235266,16.475437434486786,-6.229016817034018
2025-01-03 22:10:00,G01,14759121.852439906,-13194616.948187806,17712996.6479368,14759119.316,-13194633.259,17712990.016,2.5364399068057537,16.310812193900347,6.631936799734831,17.7892863134304,-2.270241238117904,16.59885078417372,-5.981878041776383
2025-01-03 22:15:00,G01,14702479.984611783,-12510513.815273575,18248651.8923266,14702477.475,-12510530.366,18248645.815,2.5096117835491896,16.550726424902678,6.077326599508524,17.808947051782553,-2.230690434539638,16.718400600790336,-5.716440905838288
2025-01-03 22:20:00,G01,14655120.48970215,-11806183.905454036,18749389.041118667,14655118.006,-11806200.674,18749383.536,2.483702151104808,16.768545964732766,5.505118668079376,17.822997550816034,-2.1967374333229697,16.832340155238903,-5.431934392439199
2025-01-03 22:25:00,G01,14617965.871017313,-11083064.913249722,19214251.083033483,14617963.412,-11083081.875,19214246.166,2.459017312154174,16.961750278249383,4.917033482342959,17.830450272207056,-2.1669580546981755,16.93873976577745,-5.129166096559656
2025-01-03 22:30:00,G01,14591859.600827944,-10342660.01771472,19642349.65694634,14591857.167,-10342677.148,19642345.345000003,2.433827944099903,17.13028527982533,4.311946336179972,17.831519100620053,-2.1442335708318154,17.036219626172247,-4.809631657239372
2025-01-03 22:35:00,G01,14577562.168330492,-9586532.181404948,20032866.737631124,14577559.762,-9586549.457,20032863.045,2.406330492347479,17.275595052167773,3.692631121724844,17.82896899559859,-2.129117346350744,17.126791118820684,-4.473479713128155
2025-01-03 22:40:00,G01,14575747.501790922,-8816298.200178932,20385056.18724576,14575745.126,-8816315.596,20385053.129,2.375790921971202,17.395821068435907,3.0582457594573498,17.821667718684417,-2.1228830191775305,17.207817296989653,-4.122648643228026
2025-01-03 22:45:00,G01,14586997.210663892,-8033636.012807002,20698241.98584503,14586997.439,-8033640.022,20698242.759,-0.2283361069858074,4.009192997589707,-0.7731549702584743,4.089441829603541,-1.940173800006905,3.482211087252073,-0.9129436167128038
2025-01-03 22:50:00,G01,14611808.140591532,-7240224.525731941,20971832.7354194,14611808.347,-7240228.475,20971833.675,-0.206408467143774,3.949268058873713,-0.9395806007087232,4.064742840743674,-1.931591066361112,3.4693567728833,-0.8687081766506373
2025-01-03 22:55:00,G01,14650574.406388104,-6437817.565634873,21205302.221644152,14650574.591,-6437821.444,21205303.324,-0.1846118960529565,3.8783651273697615,-1.1023558489978311,4.0362093641412935,-1.921583084330284,3.4525231485446657,-0.8237647661564578
2025-01-03 23:00:00,G01,14703595.901564851,-5628183.677018132,21398204.591621462,14703596.067,-5628187.473,21398205.854,-0.1654351484030485,3.795981868170202,-1.2623785361647606,4.003804028717384,-1.912576743713984,3.430424376421651,-0.7776152631154414
2025-01-03 23:05:00,G01,14771074.162023982,-4813112.662178312,21550171.533826184,14771074.31,-4813116.367,21550172.952,-0.1479760184884071,3.7048216871917248,-1.4181738160550594,3.969737725401768,-1.9039033129081,3.4057183273665306,-0.7314728007351153
2025-01-03 23:10:00,G01,14853111.296672847,-3994408.6944949823,21660912.97418674,14853111.430000002,-3994412.301,21660914.544,-0.1333271544426679,3.606505017727613,-1.569813258945942,3.935602652830785,-1.896759537335748,3.3795797385363517,-0.6853555933740906
2025-01-03 23:15:00,G01,14949709.363187147,-3173883.374800277,21730217.623741005,14949709.486,-3173886.877,21730219.341,-0.1228128522634506,3.502199722919613,-1.717258993536234,3.90249463123018,-1.8921702712096105,3.352766374010506,-0.6388377359199899
2025-01-03 23:20:00,G01,15060770.191646496,-2353348.7601923533,21757953.3768984,15060770.307999998,-2353352.153,21757955.237,-0.1163535024970769,3.3928076466545463,-1.8601015992462635,3.871002431445814,-1.8899380116776496,3.325955082621165,-0.5922980032566204
2025-01-03 23:25:00,G01,15186095.656846266,-1534610.3947612743,21744067.55960818,15186095.771,-1534613.677,21744069.559,-0.1141537334769964,3.2822387255728245,-1.999391820281744,3.844956407753696,-1.8913103899616768,3.302785298523179,-0.5461172568307671
2025-01-03 23:30:00,G01,15325388.398164287,-719460.3716822874,21688587.027001835,15325388.515,-719463.542,21688589.161,-0.1168357133865356,3.170317712589167,-2.1339981630444527,3.823416422854859,-1.8954265532375976,3.282776668206998,-0.4992481051680039
2025-01-03 23:35:00,G01,15478252.983942004,90329.5440051551,21591618.11034657,15478253.108,90326.486,21591620.374,-0.1240579951554536,3.058005155093269,-2.2636534310877323,3.8066931542763287,-1.901635441140117,3.266598516591296,-0.4516963041886014
2025-01-03 23:40:00,G01,15644197.515433775,893014.702878709,21453346.413415864,15644197.653,893011.754,21453348.804,-0.1375662256032228,2.948878708994016,-2.390584137290716,3.798644840499165,-1.9123543606327005,3.257409017172481,-0.4023554628229041
2025-01-03 23:45:00,G01,15822635.659567326,1686884.1631153496,21274036.516297378,15822635.818999998,1686881.3990000002,21274038.973,-0.1594326719641685,2.7641153493896127,-2.456702623516321,3.701505129270101,-1.886723601467525,3.166085357038687,-0.3425168399122733
2025-01-03 23:50:00,G01,16012889.122072184,2470267.4777946267,21054031.24706001,16012889.307,2470264.8600000003,21054033.818,-0.1849278155714273,2.617794626392424,-2.5709399916231632,3.6737963258009256,-1.905518010072144,3.126208816670113,-0.3043008237470506
2025-01-03 23:55:00,G01,16214190.506970417,3241540.714017292,20793751.359200127,16214190.724,3241538.236,20793754.041,-0.217029582709074,2.478017291985452,-2.681799873709678,3.6578302450741256,-1.929149018370445,3.09645462705266,-0.2647166585304934
2025-01-04 00:00:00,G01,16425686.600185674,3999132.77403218,20493694.5171077,16425686.855,3999130.427,20493697.307,-0.2548143267631531,2.347032180055976,-2.789892300963402,3.654721527875541,-1.9563846083541607,3.0789319306357967,-0.222995239911496
2025-01-04 00:05:00,G01,16646442.030601796,4741531.283607317,20154434.403195288,16646442.330000002,4741529.056,20154437.302,-0.2993982061743736,2.2276073172688484,-2.8988047130405903,3.668097928103404,-1.98916332602842,3.076778683477576,-0.1777768416809069
2025-01-04 00:10:00,G01,16875443.304411713,5467288.260713774,19776619.62801869,16875443.652999997,5467286.148,19776622.630000003,-0.3485882841050625,2.112713773734868,-3.0019813142716885,3.687406282575967,-2.0213626176867665,3.081273801956626,-0.1296534533862439
2025-01-04 00:15:00,G01,17111603.193757758,6175025.508421239,19360972.49805129,17111603.596,6175023.5,19360975.601,-0.4022422432899475,2.008421239443124,-3.10294871032238,3.7180432214034975,-2.053594957266747,3.0984985865200447,-0.0768092250083249
2025-01-04 00:20:00,G01,17353765.46085775,6863439.709255214,18908287.64334519,17353765.92,6863437.795,18908290.846,-0.4591422528028488,1.9142552139237523,-3.20265481248498,3.759279516114271,-2.0848070799789644,3.12815759580936,-0.0197983667542811
2025-01-04 00:25:00,G01,17600709.897362866,7531307.199528581,18419430.50757093,17600710.417,7531305.369,18419433.807,-0.5196371339261532,1.8305285815149543,-3.2994290702044964,3.808817379188538,-2.1129332565824224,3.168709129682174,0.0434204180712758
2025-01-04 00:30:00,G01,17851157.657328002,8177488.403521915,17895335.703182515,17851158.239,8177486.649,17895339.098,-0.5816719979047775,1.7545219147577882,-3.3948174864053726,3.8654204465381983,-2.1375557367678177,3.21873590292183,0.1098630418682586
2025-01-04 00:35:00,G01,18103776.860903043,8800931.908827182,17337005.234708074,18103777.508,8800930.221,17337008.722,-0.6470969580113888,1.687827181071043,-3.487291924655437,3.9279383948831024,-2.157597716028726,3.277197088399509,0.1828971666544903
2025-01-04 00:40:00,G01,18357188.44467489,9400678.165699858,16745506.593414364,18357189.157,9400676.54,16745510.169000002,-0.7123251110315323,1.6256998591125011,-3.575585637241602,3.991881729832802,-2.1707386535224438,3.3401374797624968,0.2578663595010642
2025-01-04 00:45:00,G01,18609972.23351584,9975862.794858914,16121970.726839157,18609973.013,9975861.227,16121974.388,-0.7794841602444649,1.5678589139133692,-3.6611608434468494,4.058309481988539,-2.1791003010453025,3.4071761175777526,0.3354826871690182
2025-01-04 00:50:00,G01,18860673.20782525,10525719.48984173,15467589.886924865,18860674.055,10525717.978,15467593.628,-0.8471747487783432,1.5118417292833328,-3.74107513576746,4.122986010263385,-2.180610266593016,3.474555666171484,0.4140234639876816
2025-01-04 00:55:00,G01,19107807.939191617,11049582.50175137,14783615.360723082,19107808.855,11049581.046,14783619.175,-0.9158083833754064,1.455751370638609,-3.8142769187688814,4.1840919518134285,-2.1757989968415234,3.539790123635441,0.4923515686847293
2025-01-04 01:00:00,G01,19349871.16675965,11546888.696011772,14071355.08786848,19349872.152,11546887.3,14071358.967,-0.9852403476834296,1.396011771634221,-3.879131520166993,4.238774440802172,-2.1655265842555105,3.599364800907213,0.5676939341499152
2025-01-04 01:05:00,G01,19585342.517991245,12017178.556305202,13332171.684510194,19585343.542,12017177.841999998,13332175.103,-1.0240087546408176,0.7143052034080029,-3.418489806354046,3.639354119805231,-2.147399947372236,2.92337648957628,0.2957055555137448
2025-01-04 01:10:00,G01,19812693.118700888,12460099.829141095,12567477.765672678,19812694.248,12460099.186,12567481.248,-1.1292991116642952,0.6431410945951939,-3.4823273215442896,3.716927565279783,-2.187966185192741,2.9830031697591206,0.3606197265775335
2025-01-04 01:15:00,G01,20030392.711954966,12875404.566796668,11778736.388668226,20030393.952,12875403.987,11778739.936,-1.2400450333952904,0.5797966681420803,-3.5473317746073008,3.802293857709523,-2.226810582038527,3.051671204514282,0.4313421746538898
2025-01-04 01:20:00,G01,20236916.28463264,13262951.840586122,10967456.172127672,20236917.639,13262951.316000002,10967459.784999998,-1.3543673567473888,0.5245861206203699,-3.612872326746583,3.893885974748324,-2.261383125476203,3.129085797866708,0.5072636530858988
2025-01-04 01:25:00,G01,20430750.976867948,13622706.966233471,10135188.93846086,20430752.448,13622706.493,10135192.616,-1.4711320511996746,0.4732334706932306,-3.677539139986038,3.989044190778108,-2.291792284189917,3.212202703605812,0.5847353872100164
2025-01-04 01:30:00,G01,20610402.894205213,13954740.879182704,9283526.752124256,20610404.486,13954740.452,9283530.489999998,-1.5917947888374329,0.4271827042102813,-3.737875742837786,4.085096177746805,-2.316831680818921,3.297947325196631,0.6662170700482756
2025-01-04 01:35:00,G01,20774403.8558483,14259229.061998276,8414098.879890531,20774405.57,14259228.678,8414102.672,-1.7141516990959644,0.3839982766658067,-3.792109468951821,4.179218222169064,-2.335486050194759,3.383963303516366,0.7484398561743197
2025-01-04 01:40:00,G01,20921318.049773663,14536450.028716791,7528568.678886981,20921319.889,14536449.687,7528572.518,-1.839226335287094,0.3417167905718088,-3.839113019406796,4.270633753103987,-2.3495264013231747,3.4682530698624445,0.8302162284767481
2025-01-04 01:45:00,G01,21049748.56585487,14786783.37292358,6628630.418323039,21049750.531000003,14786783.073,6628634.294000001,-1.9651451334357264,0.2999235801398754,-3.8756769616156816,4.355757277464918,-2.3573205153310184,3.5478838196936984,0.9100449714952338
2025-01-04 01:50:00,G01,21158343.778655022,15010707.388205726,5716006.040969186,21158345.87,15010707.132,5716009.941000001,-2.091344978660345,0.2562057264149189,-3.9000308141112328,4.432787559203888,-2.3601542567831006,3.620547077812733,0.9853508444016488
2025-01-04 01:55:00,G01,21245803.55217336,15208796.271477722,4792441.870580287,21245805.77,15208796.06,4792445.781,-2.2178266383707523,0.2114777211099863,-3.910419713705778,4.500539985571905,-2.358194618879893,3.684771949143975,1.0565197508893012
2025-01-04 02:00:00,G01,21310885.239581566,15381716.921479853,3859705.2715744055,21310887.583,15381716.757,3859709.176,-2.343418434262276,0.1644798535853624,-3.9044255944900215,4.5566657550433165,-2.35206239210122,3.738046950952336,1.121610582744079
2025-01-04 02:05:00,G01,21352409.45185706,15530225.34649365,2919581.2673832346,21352411.919,15530225.233,2919585.149,-2.467142939567566,0.1134936511516571,-3.8816167656332254,4.600719922833248,-2.3433957983524296,3.7797866610319857,1.1782753233873755
2025-01-04 02:10:00,G01,21369265.57020052,15655162.697013326,1973869.1239830907,21369268.16,15655162.639,1973872.965,-2.589799478650093,0.0580133255571126,-3.841016909340397,4.632908134573504,-2.334606151878429,3.809135645737948,1.2263513083033313
2025-01-04 02:15:00,G01,21360416.97821872,15757450.940731904,1024378.9051931914,21360419.688,15757450.941,1024382.686,-2.7097812816500664,-0.0002680961042642,-3.780806808616034,4.651603464433954,-2.3249766994768644,3.824740710859153,1.266197706489884
2025-01-04 02:20:00,G01,21324905.99105288,15838088.1987488,72928.00639373716,21324908.819,15838088.261,72931.709,-2.8279471173882484,-0.0622511990368366,-3.702606262842892,4.659447740684451,-2.3175580206954662,3.828337542102366,1.2973857300776692
2025-01-04 02:25:00,G01,21261858.459927347,15898143.763375532,-878662.3266337912,21261861.402,15898143.893,-878658.7220000001,-2.9420726522803307,-0.1296244673430919,-3.604633791139349,4.654672787860973,-2.313278836988113,3.818241665972873,1.3174787909583423
2025-01-04 02:30:00,G01,21170488.03199079,15938752.81929008,-1828570.487004893,21170491.086000003,15938753.018,-1828566.998,-3.054009214043617,-0.1987099200487136,-3.489004892995581,4.641078867584152,-2.3130998251215837,3.7972159691917904,1.3305386644038342
2025-01-04 02:35:00,G01,21050100.046798,15961110.891080506,-2774977.99740786,21050103.21,15961111.163,-2774974.641,-3.163202002644539,-0.2719194944947958,-3.3564078602939844,4.620093164175802,-2.319510846207385,3.766168206662736,1.3345813272757352
2025-01-04 02:40:00,G01,20900095.05234581,15966468.041400716,-3716072.995388616,20900098.322,15966468.389,-3716069.787,-3.26965419203043,-0.347599284723401,-3.2083886158652604,4.594041935879144,-2.332765746493955,3.727099262623772,1.331223635288234
2025-01-04 02:45:00,G01,20719971.925213367,15956122.845041238,-4650053.706483794,20719975.299,15956123.269,-4650050.659,-3.3737866319715977,-0.4239587616175413,-3.0474837943911552,4.566107176435881,-2.3529339643991154,3.682974357865329,1.3223979677777735
2025-01-04 02:50:00,G01,20509330.58106017,15931416.16519078,-5575131.898462552,20509334.058,15931416.665,-5575129.024,-3.4769398272037506,-0.49980921857059,-2.8744625514373183,4.538882547123172,-2.3811294431512837,3.635212205499308,1.310308960713557
2025-01-04 02:55:00,G01,20267874.26350424,15893724.759015167,-6489536.309974613,20267877.844,15893725.334,-6489533.615,-3.58049575984478,-0.5749848335981369,-2.694974612444639,4.518124124772964,-2.4177346136053446,3.590124995379917,1.295765203491134
2025-01-04 03:00:00,G01,19995411.40121584,15844454.740422511,-7391516.046952246,19995415.086,15844455.387,-7391513.537,-3.684784159064293,-0.6465774886310101,-2.509952246211469,4.505059047998986,-2.461149606809336,3.549062349879838,1.2815834251133202
2025-01-04 03:05:00,G01,19691856.938280784,15785034.870945131,-8279343.979870449,19691860.818,15785035.643,-8279341.614999999,-3.879719216376543,-0.7720548678189516,-2.364870449528098,4.608785323693824,-2.598033052753038,3.589609833077425,1.2672125563504246
2025-01-04 03:10:00,G01,19357233.606297243,15716910.115322698,-9151319.995043948,19357237.645,15716910.885,-9151317.715,-4.038702756166458,-0.7696773018687963,-2.280043948441744,4.7012895580366445,-2.6132475201010443,3.678635255605365,1.31935725389577
2025-01-04 03:15:00,G01,18991672.072233018,15641534.310854465,-10005774.182219649,18991676.263,15641535.075,-10005771.997,-4.190766982734203,-0.7641455344855785,-2.1852196492254734,4.787654041052934,-2.6233486724847275,3.765174000503957,1.364968023549322
2025-01-04 03:20:00,G01,18595411.193913583,15560363.77267128,-10841070.201165592,18595415.53,15560364.528,-10841068.123,-4.336086418479681,-0.7553287204355001,-2.078165592625737,4.867333883638163,-2.6300643758201696,3.847094011793208,1.4048374205859755
2025-01-04 03:25:00,G01,18168797.59927704,15474850.355603848,-11655608.350130932,18168802.072,15474851.101,-11655606.392,-4.472722958773375,-0.74539615213871,-1.958130931481719,4.939143937403233,-2.6346351773345136,3.922998999971613,1.4366346657937703
2025-01-04 03:30:00,G01,17712284.84557171,15386434.670986151,-12447828.63372105,17712289.445,15386435.405,-12447826.808,-4.599428288638592,-0.7340138480067253,-1.8257210496813057,5.002676709786869,-2.636855301739001,3.992653347596291,1.4603039499580277
2025-01-04 03:35:00,G01,17226432.129174814,15296539.365901817,-13216213.754531592,17226436.845,15296540.088,-13216212.074,-4.71582518517971,-0.7220981828868389,-1.6805315930396318,5.058124098725539,-2.6383188983009465,4.055429917132544,1.4755951261109723
2025-01-04 03:40:00,G01,16711902.551296895,15206562.494116422,-13959292.022780497,16711907.371,15206563.204,-13959290.5,-4.8197031039744616,-0.7098835781216621,-1.5227804966270924,5.104148621058729,-2.638802390169403,4.110133548159798,1.4818425381204747
2025-01-04 03:45:00,G01,16169460.946747402,15117871.007534852,-14675640.178344548,16169465.859,15117871.705,-14675638.826,-4.912252597510815,-0.6974651478230953,-1.352344548329711,5.142520684603682,-2.640400225388243,4.15715326475215,1.4805007175638203
2025-01-04 03:50:00,G01,15599971.2848164,15031794.396493418,-15363886.119783986,15599976.277,15031795.083,-15363884.948,-4.992183601483703,-0.6865065824240446,-1.1717839855700731,5.1736124813782505,-2.642986682997125,4.19770503713055,1.46974825130751
2025-01-04 03:55:00,G01,15004393.653166838,14949618.506544843,-16022711.535126304,15004398.715,14949619.183,-16022710.554,-5.061833161860704,-0.6764551568776369,-0.9811263047158718,5.200226472336038,-2.6485827665254744,4.233068095454596,1.4520672132147212
2025-01-04 04:00:00,G01,14383780.83742283,14872579.558622723,-16650854.429377332,14383785.957,14872580.225,-16650853.647,-5.11957717128098,-0.6663772761821747,-0.7823773324489594,5.221708856039686,-2.6553910737513537,4.2634230848035655,1.4277132844688964
2025-01-04 04:05:00,G01,13739274.510875164,14801858.398584912,-17247111.54393382,13739279.678,14801859.057,-17247110.968000002,-5.167124835774303,-0.658415088430047,-0.5759338177740574,5.240647790073643,-2.6660603559396736,4.290271115696857,1.3964545076399093
2025-01-04 04:10:00,G01,13072101.05039767,14738575.001135498,-17810340.663286023,13072106.255,14738575.651,-17810340.298,-5.20460233092308,-0.6498645022511482,-0.3652860224246979,5.257722241856729,-2.6774609308136905,4.315671740242206,1.3600821912502343
2025-01-04 04:15:00,G01,12383566.996270342,14683783.252018165,-18339462.80462106,12383572.231,14683783.894,-18339462.655,-5.2347296588122845,-0.6419818345457315,-0.149621058255434,5.2760706721772745,-2.692547559082465,4.341163369812932,1.3196249378071938
2025-01-04 04:20:00,G01,11675054.17513069,14638466.031163735,-18833464.2861674,11675059.433,14638466.666,-18833464.353,-5.257869310677052,-0.6348362639546394,0.066832598298788,5.296477448869846,-2.708769673797525,4.369488971056752,1.2738941684908902
2025-01-04 04:25:00,G01,10948014.506716223,14603530.618167669,-19291398.6703572,10948019.781,14603531.245,-19291398.956,-5.274283776059747,-0.6268323305994272,0.2856427989900112,5.319076980990839,-2.726477591176526,4.399703293993287,1.2253614974135156
2025-01-04 04:30:00,G01,10203964.516414126,14579804.440074302,-19712388.578125715,10203969.803,14579805.058,-19712389.081,-5.286585872992873,-0.6179256979376078,0.5028742849826813,5.346279538819154,-2.743776479300346,4.435949572718126,1.173348595744851
2025-01-04 04:35:00,G01,9444479.576891324,14568031.179960592,-20095627.37091519,9444484.873,14568031.789,-20095628.091,-5.296108676120639,-0.6090394090861082,0.7200848087668419,5.3794254565814965,-2.7624662226430967,4.47847278811999,1.118159245251669
2025-01-04 04:40:00,G01,8671187.903235199,14568867.263248364,-20440380.697204392,8671193.206,14568867.861,-20440381.631,-5.302764801308513,-0.5977516360580921,0.9337956085801123,5.417434429230329,-2.778108704555535,4.528485489486315,1.0599655617966073
2025-01-04 04:45:00,G01,7885764.327087942,14582878.737038769,-20745987.90064289,7885769.635,14582879.322,-20745989.046,-5.307912058196962,-0.5849612317979336,1.145357109606266,5.46149731930584,-2.792132507218422,4.586334344489491,0.9987423649145974
2025-01-04 04:50:00,G01,7089923.876199762,14610538.556061393,-21011863.28713189,7089929.189,14610539.127,-21011864.64,-5.312800237908959,-0.5709386076778173,1.3528681099414823,5.511993231541492,-2.8029346460873468,4.653482883281676,0.933125827167419
2025-01-04 04:55:00,G01,6285415.186656255,14652224.287071848,-21237497.24845968,6285420.504,14652224.841,-21237498.806,-5.3173437444493175,-0.5539281517267227,1.5575403235852718,5.568385111816871,-2.809762313040057,4.729094491906254,0.8647622704220445
2025-01-04 05:00:00,G01,5474013.775747839,14708216.24172207,-21422457.24036966,5474019.097999999,14708216.778,-21422458.998,-5.322252159938216,-0.5362779311835766,1.7576303407549858,5.6305618270456845,-2.8119715843502124,4.813663445188137,0.7903711365241453
2025-01-04 05:05:00,G01,4657515.092080837,14778696.144542998,-21566388.703587253,4657520.532,14778696.562,-21566390.569,-5.439919162541628,-0.41745700314641,1.8654127456247809,5.7659999614986965,-2.701337244461983,5.039485937590543,0.7437164328644861
2025-01-04 05:10:00,G01,3837728.102055624,14863745.738171307,-21669015.37369176,3837733.488,14863746.147,-21669017.444,-5.385944375768304,-0.408828692510724,2.0703082382678986,5.784610092316524,-2.6965237974666647,5.075967786813513,0.6519389212630758
2025-01-04 05:15:00,G01,3016467.4720906275,14963346.8687994,-21730140.38247519,3016472.802,14963347.274,-21730142.659,-5.329909372609109,-0.4052006006240845,2.2765248119831085,5.8098783693419325,-2.6966021822708206,5.115902666262334,0.5572820169801374
2025-01-04 05:20:00,G01,2195547.1921510007,15077380.9731811,-21749646.252962727,2195552.4650000003,15077381.38,-21749648.736,-5.272848999593407,-0.406818900257349,2.4830372743308544,5.842423495077722,-2.7005984603910886,5.160421839692642,0.4590497663572996
2025-01-04 05:25:00,G01,1376773.4209672003,15205629.54429171,-21727495.22408394,1376778.637,15205629.956,-21727497.914,-5.216032799798995,-0.4117082897573709,2.6899160593748093,5.883209182998374,-2.707045291756759,5.211079812241557,0.3587523794240697
2025-01-04 05:30:00,G01,561937.5347080184,15347774.939844573,-21663729.32619829,561942.694,15347775.362,-21663732.224,-5.159291981603019,-0.4221554268151521,2.897801708430052,5.932433202085196,-2.717175226370513,5.267424933180728,0.254866748924174
2025-01-04 05:35:00,G01,-247190.7582412813,15503401.636205113,-21558470.303958427,-247185.655,15503402.072,-21558473.409,-5.103241281292867,-0.4357948880642652,3.1050415746867657,5.989513497779923,-2.7276962153849755,5.330290593999129,0.148146819698421
2025-01-04 05:40:00,G01,-1048870.2071640943,15671997.922387904,-21411919.386624936,-1048865.159,15671998.376,-21411922.698,-5.048164094332606,-0.4536120966076851,3.3113750629127026,6.054331463074834,-2.738329751870056,5.399543907070928,0.0374864030597206
2025-01-04 05:45:00,G01,-1841394.684738448,15852958.026918722,-21224356.90623032,-1841389.693,15852958.502,-21224360.423,-4.991738447919488,-0.4750812780112028,3.51676968112588,6.124608064459361,-2.748267766972833,5.472848011566214,-0.0760451612827943
2025-01-04 05:50:00,G01,-2623099.700307222,16045584.668471051,-20996141.764273454,-2623094.765,16045585.169,-20996145.485,-4.935307221952826,-0.5005289483815432,3.7207265459001055,6.200934819250513,-2.7567621438743246,5.551082408705558,-0.1932335541631167
2025-01-04 05:55:00,G01,-3392368.73305034,16249092.019351523,-20727710.747909136,-3392363.855,16249092.549,-20727714.671,-4.87805033987388,-0.5296484772115946,3.9230908639729023,6.282240408862422,-2.763107027173724,5.633251292435992,-0.3134708716855576
2025-01-04 06:00:00,G01,-4147639.3581829537,16462609.069120228,-20419577.69687937,-4147634.541,16462609.632,-20419581.818,-4.817182953469455,-0.5628797709941864,4.121120631694794,6.364410460111107,-2.765486989877911,5.71549079532992,-0.4369979200026379
2025-01-04 06:05:00,G01,-4887409.140188216,16685183.373896984,-20072332.522714328,-4887404.386999999,16685183.974,-20072336.839,-4.753188217058778,-0.6001030150800943,4.31628567352891,6.448507104051723,-2.764803297776363,5.798507437215141,-0.5625105298313744
2025-01-04 06:10:00,G01,-5610241.268088206,16915785.175230704,-19686640.08201022,-5610236.584,16915785.817,-19686644.588,-4.68408820591867,-0.6417692974209785,4.505989778786898,6.531193921364653,-2.759715837126973,5.87915256200292,-0.6899475990795643
2025-01-04 06:15:00,G01,-6314769.908858305,17153311.870803963,-19263238.90586836,-6314765.299,17153312.559,-19263243.596,-4.609858305193484,-0.6881960369646549,4.690131641924381,6.612241843568299,-2.750553207783647,5.957020545638265,-0.8185996993831428
2025-01-04 06:20:00,G01,-6999705.256298255,17396592.817713715,-18802939.78785495,-6999700.728,17396593.557,-18802944.656,-4.528298255056143,-0.7392862848937511,4.868145048618317,6.689608771233453,-2.737667574073132,6.029952343067968,-0.946423006039685
2025-01-04 06:25:00,G01,-7663838.253972073,17644394.44762241,-18306624.23311242,-7663833.815,17644395.243,-18306629.271,-4.438972072675824,-0.7953775897622108,5.037887580692768,6.761465066684163,-2.7203893611577623,6.096336505004723,-1.073113595774812
2025-01-04 06:30:00,G01,-8306044.97222894,17895425.671712413,-17775242.771521814,-8306040.631,17895426.53,-17775247.971,-4.341228939592838,-0.858287587761879,5.1994781866669655,6.827700909009566,-2.700869434068025,6.155258936807757,-1.1981616851891812
2025-01-04 06:35:00,G01,-8925290.620797284,18148343.55211155,-17209813.13807995,-8925286.385,18148344.479,-17209818.489,-4.235797284170985,-0.9268884472548962,5.3509200513362885,6.88719436505444,-2.677555547864195,6.206439546413126,-1.3207008241303302
2025-01-04 06:40:00,G01,-9520633.180008264,18401759.21529184,-16611418.323914925,-9520629.06,18401760.217,-16611423.815999998,-4.120008263736963,-1.001708161085844,5.492085073143244,6.938363336111022,-2.652515583158895,6.24795989730287,-1.438069534717992
2025-01-04 06:45:00,G01,-10091226.635340594,18654243.981882617,-15981204.50161832,-10091222.639,18654245.066,-15981210.125,-3.996340593323112,-1.0841173827648165,5.623381679877639,6.983442571900939,-2.6270631745643658,6.281751611423123,-1.551323926286576
2025-01-04 06:50:00,G01,-10636323.80168593,18904335.68638764,-15320378.828821791,-10636319.938,18904336.861,-15320384.571,-3.863685930147767,-1.1746123619377613,5.742178209125996,7.019999555056984,-2.601383104166163,6.305445118311727,-1.659687186887304
2025-01-04 06:55:00,G01,-11155278.725493245,19150545.159460485,-14630207.13418837,-11155275.002,19150546.432,-14630212.983,-3.723493244498968,-1.2725395150482657,5.848811628296971,7.04928054644519,-2.5757766578403736,6.3207317902248015,-1.7624075769971146
2025-01-04 07:00:00,G01,-11647548.654771555,19391362.844672285,-13912011.490225276,-11647545.079,19391364.224,-13912017.433999998,-3.575771555304528,-1.3793277144432068,5.943774722516537,7.072280050420982,-2.552618578713675,6.328081460771298,-1.8592118031657847
2025-01-04 07:05:00,G01,-12112695.663112309,19625265.48571203,-13167167.585694674,-12112692.147,19625267.015,-13167173.703,-3.516112308949232,-1.529287971556187,6.117305325344205,7.219639320116713,-2.5594845915506284,6.441849830467204,-2.018613707448722
2025-01-04 07:10:00,G01,-12550387.375782982,19850723.078423195,-12397102.442905731,-12550383.997,19850724.721,-12397108.642,-3.378782982006669,-1.6425768062472343,6.199094269424677,7.248655238396506,-2.5248797900586664,6.4577154863649255,-2.1132665492192464
2025-01-04 07:15:00,G01,-12960398.103330571,20066205.47284589,-11603291.163968123,-12960394.868,20066207.235000003,-11603297.43,-3.235330570489168,-1.7621541135013103,6.266031876206398,7.268817406821141,-2.4903354960737385,6.464649074755475,-2.2005108386382397
2025-01-04 07:20:00,G01,-13342608.710362334,20270189.40906019,-10787254.428974329,-13342605.625,20270191.298,-10787260.747,-3.085362333804369,-1.8889398090541365,6.318025670945644,7.280453468831209,-2.4579865782269223,6.462648273862461,-2.279798671246043
2025-01-04 07:25:00,G01,-13697006.412333367,20461165.32415365,-9950555.498059284,-13697003.481,20461167.347,-9950561.854,-2.931333366781473,-2.0228463485836983,6.355940716341138,7.2857810183142275,-2.428142825131055,6.454020558791733,-2.352093980751222
2025-01-04 07:30:00,G01,-14023684.048551854,20637644.16192268,-9094797.209874917,-14023681.275,20637646.328,-9094803.588,-2.7735518533736467,-2.166077323257923,6.378125082701445,7.2845700232937505,-2.4029198853346734,6.437448060097364,-2.418718446302049
2025-01-04 07:35:00,G01,-14322838.906462517,20798164.110960945,-8221618.903640479,-14322836.294,20798166.427,-8221625.291,-2.612462516874075,-2.316039055585861,6.387359521351755,7.279241647594479,-2.3822232477917598,6.416708394760709,-2.4775440941307
2025-01-04 07:40:00,G01,-14594771.102628868,20941297.24185688,-7332693.270744915,-14594768.651,20941299.716,-7332699.654,-2.451628867536783,-2.4741431176662445,6.383255084976554,7.271713261035116,-2.366063462636237,6.392839724611666,-2.5320264013076166
2025-01-04 07:45:00,G01,-14839881.527757626,21065656.014646925,-6429723.142024396,-14839879.237,21065658.654,-6429729.509,-2.2907576262950897,-2.639353074133396,6.366975603625178,7.263066397157934,-2.3549650524977803,6.367470117633388,-2.5810070499874085
2025-01-04 07:50:00,G01,-15058669.36499311,21169899.62822779,-5514438.216972502,-15058667.232,21169902.44,-5514444.555,-2.13299310952425,-2.811772212386132,6.338027497753501,7.254399709273279,-2.3478865431257274,6.341320962686265,-2.627050127178599
2025-01-04 07:55:00,G01,-15251729.192557065,21252740.18410857,-4588591.741261707,-15251727.214,21252743.175,-4588598.041,-1.97855706512928,-2.990891430526972,6.299738293513656,7.248918690117514,-2.345591676794108,6.318058845105183,-2.669673068275847
2025-01-04 08:00:00,G01,-15419747.683608754,21312948.637683265,-3653957.1390620144,-15419745.854,21312951.815,-3653963.39,-1.829608753323555,-3.1773167364299297,6.250937985721976,7.24686384135771,-2.347506122572745,6.297272763663205,-2.7112001548552067
2025-01-04 08:05:00,G01,-15563499.917943124,21349360.511121333,-2712324.606736284,-15563498.23,21349363.879,-2712330.8000000003,-1.687943123281002,-3.367878668010235,6.1932637160643935,7.24901884164952,-2.3506235027073856,6.281246037982962,-2.751143675897856
2025-01-04 08:10:00,G01,-15683845.32182424,21360881.34300431,-1765497.674570355,-15683843.768,21360884.908,-1765503.803,-1.5538242403417826,-3.564995691180229,6.128429644973949,7.258182552223582,-2.3570535972488056,6.271761120043887,-2.791151152160189
2025-01-04 08:15:00,G01,-15781723.253859373,21346491.8509762,-815289.743260726,-15781721.824,21346495.616,-815295.799,-1.4298593737185,-3.7650238014757633,6.05573927401565,7.272680400591329,-2.362316254985226,6.268548762841277,-2.831366901067212
2025-01-04 08:20:00,G01,-15858148.25634835,21305252.784918424,136479.3980681107,-15858146.94,21305256.754,136473.42,-1.3163483496755362,-3.969081576913595,5.978068110678578,7.29545611170409,-2.367187825447139,6.27442545585832,-2.872574955633448
2025-01-04 08:25:00,G01,-15914204.992987342,21236309.44950181,1087987.0655102292,-15914203.779,21236313.624,1087981.172,-1.2139873430132866,-4.174498192965984,5.893510229187086,7.323500751253157,-2.3689606490445145,6.287298938252167,-2.914028269927612
2025-01-04 08:30:00,G01,-15951042.895158503,21138895.87640153,2037411.178862896,-15951041.771,21138900.259,2037405.374,-1.1241585034877062,-4.3825984708964825,5.804862895980477,7.359846121978282,-2.367645892284303,6.309925365545858,-2.9574363474450287
2025-01-04 08:35:00,G01,-15969870.540291592,21012338.62798069,2982933.758119449,-15969869.495,21012343.218,2982928.0480000004,-1.045291593298316,-4.590019308030605,5.7101194486022,7.40043079019181,-2.3614512726111334,6.339663997621413,-2.9997640181796155
2025-01-04 08:40:00,G01,-15971949.786935177,20856060.21584612,3922744.411151388,-15971948.809,20856065.012,3922738.8,-0.9779351763427258,-4.796153876930475,5.6111513883806765,7.446104291752171,-2.349278285492189,6.377949226223726,-3.040908470946988
2025-01-04 08:45:00,G01,-15958589.692218153,20669582.119350016,4855043.805787111,-15958588.769,20669587.119,4855038.3,-0.9232181534171104,-4.999649982899427,5.505787110887468,7.494165958979005,-2.32961631528664,6.421980088542966,-3.081165848607908
2025-01-04 08:50:00,G01,-15931140.23831134,20452527.39084579,5778047.119535277,-15931139.36,20452532.591,5778041.725,-0.8783113397657871,-5.200154207646847,5.394535277038813,7.544139808360168,-2.3038928636751264,6.471804613693072,-3.117991046005823
2025-01-04 08:55:00,G01,-15890985.895315304,20204622.83629456,6689987.460256739,-15890985.051,20204628.232,6689982.184,-0.8443153034895658,-5.395705439150333,5.276256738230586,7.593773152096844,-2.2703332534221685,6.525391773738314,-3.1512283007012813
2025-01-04 09:00:00,G01,-15839539.048688067,19925700.76166088,7589119.251158851,-15839538.23,19925706.347,7589114.102,-0.818688066676259,-5.585339117795229,5.149158851243556,7.640687147543181,-2.230535751189051,6.58039382365528,-3.178557451879469
2025-01-04 09:05:00,G01,-15778233.189197734,19615700.606403813,8473721.214545425,-15778232.519,19615706.045,8473716.561999999,-0.6701977346092463,-5.438596189022064,4.652545426040888,7.188440196043553,-2.134000284082731,6.193495364372478,-2.9597855346504605
2025-01-04 09:10:00,G01,-15708516.654924035,19274668.452991493,9342101.096737824,-15708516.021,19274674.097,9342096.599,-0.6339240353554487,-5.644008506089449,4.49773782491684,7.2447454918098435,-2.138765814095547,6.248447517035167,-2.9780734813654828
2025-01-04 09:15:00,G01,-15631845.117641944,18902759.487948645,10192596.779668706,-15631844.512,18902765.339,10192592.44,-0.6056419443339109,-5.851051356643438,4.339668706059456,7.309878837653011,-2.14217836986452,6.314930110352094,-2.994504659241729
2025-01-04 09:20:00,G01,-15549675.203571688,18500236.56916789,11023580.858383756,-15549674.618,18500242.628,11023576.681,-0.5855716876685619,-6.058832108974457,4.177383756265044,7.382606299488407,-2.143417805099888,6.3919251143248825,-3.0086424212407725
2025-01-04 09:25:00,G01,-15463457.576547798,18067470.07204108,11833463.407966666,-15463457.004,18067476.336,11833459.399,-0.572547797113657,-6.263958919793367,4.008966665714979,7.459008382865143,-2.141355278850082,6.476438892864433,-3.0178043164503325
2025-01-04 09:30:00,G01,-15374630.166135017,17604936.936685294,12620695.02100658,-15374629.6,17604943.403,12620691.188,-0.5661350172013044,-6.46631470695138,3.833006581291557,7.538280586397777,-2.1367959042779026,6.56724807770327,-3.021759445856917
2025-01-04 09:35:00,G01,-15284611.465926832,17113219.26777814,13383769.766095735,-15284610.899,17113225.929,13383766.118,-0.5669268313795328,-6.661221861839294,3.64809573441744,7.615896875106602,-2.1271661963018014,6.660618067074605,-3.018810386580911
2025-01-04 09:40:00,G01,-15194793.931122296,16593002.49287748,14121228.061761148,-15194793.359,16593009.34,14121224.609,-0.5721222963184118,-6.847122520208359,3.452761149033904,7.689731483021175,-2.1143262645474152,6.754457620566654,-3.0064758405783145
2025-01-04 09:45:00,G01,-15106537.504033338,16045073.086986028,14831659.460413815,-15106536.921,16045080.108,14831656.214,-0.5830333381891251,-7.021013971418142,3.246413815766573,7.757175241251727,-2.0966742737069293,6.846033089463656,-2.984887879206356
2025-01-04 09:50:00,G01,-15021163.295592342,15470315.87298484,15513705.33708826,-15021162.699,15470323.054,15513702.309,-0.5965923424810171,-7.181015159934759,3.0280882604420185,7.816151205250996,-2.076285419484736,6.933213080947986,-2.951578373405224
2025-01-04 09:55:00,G01,-14939947.45024227,14869710.909365283,16166061.477943286,-14939946.836,14869718.233,16166058.68,-0.6142422705888748,-7.323634715750813,2.7979432865977287,7.863930674398521,-2.0513362091862963,7.01306052690834,-2.906958454217615
2025-01-04 10:00:00,G01,-14864115.220772795,14244329.978456318,16787480.563701,-14864114.586,14244337.426,16787478.009,-0.6347727961838245,-7.447543682530522,2.5547010004520416,7.899072135870515,-2.0238811567443635,7.0831017584391365,-2.8511252428922726
2025-01-04 10:05:00,G01,-14794835.278744336,13595332.690041851,17376774.54341485,-14794834.623000002,13595340.24,17376772.244,-0.6557443346828222,-7.5499581489712,2.299414850771427,7.9195440108401085,-1.9946249373892675,7.1414918861858805,-2.78203924097406
2025-01-04 10:10:00,G01,-14733214.285107318,12923962.216898952,17932816.89417831,-14733213.609,12923969.848,17932814.862999998,-0.6761073190718889,-7.631101047620177,2.0311783105134964,7.9256866980087475,-1.9664507194350864,7.187047975868394,-2.701096554289028
2025-01-04 10:15:00,G01,-14680291.74448132,12231540.680354338,18454544.76261273,-14680291.048,12231548.368,18454543.011,-0.6964813191443682,-7.68764566257596,1.7516127303242683,7.915372967730207,-1.937975410733645,7.217389002394118,-2.608960811086729
2025-01-04 10:20:00,G01,-14637035.165326234,11519464.20543432,18940960.984205976,-14637034.45,11519471.926,18940959.523,-0.7153262346982956,-7.720565680414438,1.46120597794652,7.890117170082302,-1.9119096254757264,7.232857874793392,-2.506854105184428
2025-01-04 10:25:00,G01,-14604335.546899756,10789197.66658862,19391135.97681111,-14604334.816,10789205.396,19391134.815,-0.7308997567743063,-7.729411380365491,1.1618111096322536,7.850338833186835,-1.8893542386102693,7.233470338771302,-2.394800036538003
2025-01-04 10:30:00,G01,-14583003.212481758,10042269.146268502,19804209.50485812,-14583002.469,10042276.861,19804208.65,-0.743481757119298,-7.714731497690082,0.8548581227660179,7.79747584893212,-1.870913786800037,7.219721569736469,-2.275067399556151
2025-01-04 10:35:00,G01,-14573764.00683905,9280264.129858345,20179392.31107758,-14573763.255,9280271.807,20179391.77,-0.7518390491604805,-7.677141655236483,0.5410775803029537,7.732821664716974,-1.8584335927285704,7.191974530769412,-2.1490132220389664
2025-01-04 10:40:00,G01,-14577255.874333285,8504819.461562512,20515967.612786938,-14577255.119,8504827.079999998,20515967.39,-0.7553332839161158,-7.618437485769391,0.2227869369089603,7.659030755495438,-1.8524723307939717,7.152420238898518,-2.0179155342735746
2025-01-04 10:45:00,G01,-14594025.832425006,7717617.086860796,20813292.46004355,-14594025.079,7717624.628,20813292.559,-0.7534250058233738,-7.541139203123748,-0.0989564508199691,7.57932860479401,-1.8544080209714988,7.10347422104563,-1.8836260197144945
2025-01-04 10:50:00,G01,-14624527.353625596,6920377.608034683,21070798.95322592,-14624526.608,6920385.057,21070799.374,-0.7456255964934826,-7.4489653166383505,-0.4207740798592567,7.498005911234582,-1.8637174464659805,7.049547363397874,-1.7465771943596322
2025-01-04 10:55:00,G01,-14669118.167184772,6114853.680055069,21287995.31786406,-14669117.435,6114861.024,21287996.06,-0.7321847714483738,-7.343944931402802,-0.742135938256979,7.417572881062267,-1.88079693819592,6.9925339707745096,-1.6085580470432892
2025-01-04 11:00:00,G01,-14728058.489998631,5302823.274782463,21464466.83480124,-14728057.776,5302830.505,21464467.896,-0.7139986306428909,-7.230217536911368,-1.0611987598240376,7.34247795253569,-1.904789230978349,6.93686811549718,-1.4709252928752674
2025-01-04 11:05:00,G01,-14801509.790757354,4486082.501817349,21599876.6177756,-14801509.003,4486089.955,21599878.0,-0.7877573538571596,-7.453182650730014,-1.3822243995964527,7.621091625517875,-1.9435025239240848,7.231781407455535,-1.4160413760974049
2025-01-04 11:10:00,G01,-14889533.55461464,3666439.974352851,21693966.306505784,-14889532.753,3666447.392,21693967.968,-0.8016146402806044,-7.417647148948163,-1.661494214087725,7.643601133056197,-1.9312103119782744,7.284579815181563,-1.2766996234103491
2025-01-04 11:15:00,G01,-14992091.295870673,2845708.076139722,21746556.414937004,-14992090.487,2845715.443,21746558.354,-0.8088706731796265,-7.366860277950764,-1.9390629939734936,7.660604898790716,-1.919916508916924,7.329378000655119,-1.130931535362484
2025-01-04 11:20:00,G01,-15109044.30075194,2025697.066012099,21757546.800857704,-15109043.49,2025704.366,21757549.018000003,-0.8107519391924143,-7.299987901002169,-2.2171422988176346,7.67221363329311,-1.9113379786908176,7.365003432066918,-0.9830430365682218
2025-01-04 11:25:00,G01,-15240154.136971282,1208207.8750743826,21726916.80999856,-15240153.333,1208215.092,21726919.304,-0.8039712812751532,-7.216925617307424,-2.494001440703869,7.677918231727682,-1.906681101027972,7.390780011900657,-0.8314844362757344
2025-01-04 11:30:00,G01,-15385083.55402232,395025.1899262536,21654725.312730845,-15385082.764,395032.308,21654728.081,-0.7900223191827536,-7.118073746445589,-2.768269155174494,7.678178380327937,-1.904776375757801,7.407130364387313,-0.6787267222246237
2025-01-04 11:35:00,G01,-15543397.826207496,-412089.391598104,21541110.590104867,-15543397.059,-412082.388,21541113.631,-0.767207495868206,-7.003598103998229,-3.0408951342105865,7.673723800170916,-1.90815208747878,7.414062095608406,-0.5259998239758481
2025-01-04 11:40:00,G01,-15714566.5326855,-1211404.1032645055,21386290.069446124,-15714565.798,-1211397.228,21386293.378,-0.7346854992210865,-6.8752645056229085,-3.3085538744926453,7.6652171231781985,-1.9153224836536529,7.412723477466574,-0.3723224082578666
2025-01-04 11:45:00,G01,-15897965.766949678,-2001223.623369968,21190559.90999639,-15897965.073,-2001216.889,21190563.483000003,-0.6939496770501137,-6.734369968064129,-3.573003612458706,7.65504146531454,-1.927398422476332,7.405122936292877,-0.2212452374851758
2025-01-04 11:50:00,G01,-16092880.766306369,-2779895.5298442007,20954294.43935382,-16092880.124,-2779888.949,20954298.272,-0.6423063687980175,-6.580844200681895,-3.832646179944277,7.642594101853668,-1.945283972137277,7.390534895751667,-0.0714760667021559
2025-01-04 11:55:00,G01,-16298508.950119294,-3545816.5702683125,20677945.44173428,-16298508.368,-3545810.152,20677949.527,-0.5821192935109138,-6.418268312700093,-4.085265718400478,7.630362179846112,-1.9659649143995737,7.372353994568629,0.0761940269560192
2025-01-04 12:00:00,G01,-16513963.353830142,-4297438.720342324,20362041.299341947,-16513962.841,-4297432.473,20362045.631,-0.5128301419317722,-6.247342323884368,-4.33165805414319,7.619418768140669,-1.990647880845703,7.351467426139935,0.2208847237412374
2025-01-04 12:05:00,G01,-16738276.444063809,-5033275.005230076,20007185.988402423,-16738276.011000002,-5033268.938999999,20007190.558,-0.4330638069659471,-6.066230076365173,-4.569597575813532,7.60709626632805,-2.0191831097179205,7.325245860785998,0.3627481959288312
2025-01-04 12:10:00,G01,-16970404.298486695,-5751905.059215826,19614057.931674827,-16970403.954,-5751899.179,19614062.732,-0.3444866947829723,-5.880215826444328,-4.80032517388463,7.598600596391375,-2.0508892279299262,7.299397188201995,0.5013831739390096
2025-01-04 12:15:00,G01,-17209231.132514223,-6451980.400218002,19183408.70952152,-17209230.885,-6451974.71,19183413.731,-0.247514221817255,-5.69021800160408,-5.0214784778654575,7.593094909155747,-2.083678061007333,7.273724703612031,0.6374205625705063
2025-01-04 12:20:00,G01,-17453574.15346774,-7132229.396911343,18716061.6318728,-17453574.011,-7132223.898,18716066.865,-0.1424677409231662,-5.498911342583597,-5.233127199113369,7.592360851072505,-2.116846318035994,7.250359695791754,0.7714850875774522
2025-01-04 12:25:00,G01,-17702188.721364602,-7791461.907516626,18212910.17368144,-17702188.691,-7791456.601,18212915.609,-0.0303646028041839,-5.306516625918448,-5.435318559408188,7.596231207151311,-2.149690609995753,7.229583797103755,0.9025945681480668
2025-01-04 12:30:00,G01,-17953773.794197887,-8428573.570707908,17674916.276715763,-17953773.882000003,-8428568.456,17674921.902999997,0.0878021158277988,-5.114707907661796,-5.62628423422575,7.604144953677512,-2.1798406668688304,7.211615157818626,1.031465927272761
2025-01-04 12:35:00,G01,-18206977.634326942,-9042549.730566723,17103108.52079011,-18206977.847,-9042544.806,17103114.327999998,0.2126730568706989,-4.924566723406315,-5.807209886610508,7.617104036938603,-2.2081540252213783,7.197379436275355,1.158472684496981
2025-01-04 12:40:00,G01,-18460403.751464017,-9632468.979066078,16498580.167779498,-18460404.095000003,-9632464.242,16498586.144,0.3435359857976436,-4.737066077068448,-5.976220501586795,7.633676930263484,-2.2325703190253603,7.186053506571998,1.2842461784752237
2025-01-04 12:45:00,G01,-18712617.056709528,-10197506.301195474,15862487.082006693,-18712617.535,-10197501.748,15862493.216,0.4782904721796512,-4.553195474669337,-6.133993307128549,7.654163879760153,-2.2516952622772792,7.178770366167878,1.4076040543750064
2025-01-04 12:50:00,G01,-18962150.20116304,-10736935.80953096,15196045.530828742,-18962150.82,-10736931.438,15196051.811,0.6188369616866112,-4.371530961245298,-6.280171258375049,7.676834840270813,-2.2672184835760336,7.173318274649672,1.5287309910851103
2025-01-04 12:55:00,G01,-19207510.071826547,-11250133.056799658,14500529.869482577,-19207510.835,-11250128.863,14500536.284,0.7631734535098076,-4.1937996577471495,-6.414517423138022,7.701715592074499,-2.277027611088005,7.170622683130789,1.6473429077506911
2025-01-04 13:00:00,G01,-19447184.41681864,-11736576.916794144,13777270.114475612,-19447185.329,-11736572.897,13777276.652,0.9121813587844372,-4.0197941437363625,-6.537524389103055,7.728521522739537,-2.282239907741128,7.170184125604612,1.7634867552351097
2025-01-04 13:05:00,G01,-19679648.652558982,-12195850.677323338,13027649.742123408,-19679649.637,-12195847.176,13027656.058,0.984441015869379,-3.501323336735368,-6.315876591950655,7.288256742654161,-2.2191197983198307,6.743212970228805,1.6502340760288583
2025-01-04 13:10:00,G01,-19903372.312535368,-12627644.47012464,12253101.673389072,-19903373.48,-12627641.097,12253108.139,1.1674646325409412,-3.3731246404349804,-6.465610928833485,7.385463302406597,-2.253490191425729,6.803253357325933,1.7839825964330516
2025-01-04 13:15:00,G01,-20116826.44163806,-13031753.60970705,11455107.677003443,-20116827.804,-13031750.361,11455114.29,1.362361941486597,-3.248707050457597,-6.612996555864811,7.492786598267956,-2.289525337065938,6.871196327163633,1.9200483774347896
2025-01-04 13:20:00,G01,-20318490.06417392,-13408080.196370702,10635194.083847487,-20318491.631,-13408077.068,10635200.839,1.566826082766056,-3.128370702266693,-6.755152512341738,7.607478734076982,-2.323786103541442,6.945478550042803,2.057687669525314
2025-01-04 13:25:00,G01,-20506857.119020205,-13756632.37475511,9794929.246526595,-20506858.901,-13756629.365,9794936.137999998,1.7819797955453396,-3.0097551103681326,-6.891473403200507,7.728291110144524,-2.357970288218121,7.024660285293252,2.195588185257691
2025-01-04 13:30:00,G01,-20680443.249480296,-14077523.527512472,8935920.545806779,-20680445.255,-14077520.636,8935927.563,2.0055197030305862,-2.8915124721825123,-7.017193220555782,7.850092633252485,-2.389401107019673,7.104775488876444,2.331712236335904
2025-01-04 13:35:00,G01,-20837792.51738455,-14370971.022824245,8059811.321347941,-20837794.755,-14370968.25,8059818.453,2.2376154474914074,-2.7728242445737123,-7.131652059033513,7.972197832045119,-2.418920729014405,7.1852840125697846,2.465046538854464
2025-01-04 13:40:00,G01,-20977484.012346428,-14637294.521392714,7168277.732561416,-20977486.489,-14637291.868,7168284.964000001,2.4766535721719265,-2.6533927135169506,-7.231438584625721,8.091230426326423,-2.445057046186965,7.26356686002317,2.594282621993039
2025-01-04 13:45:00,G01,-21098138.327510063,-14876913.850446211,6263025.555568059,-21098141.05,-14876911.318,6263032.87,2.7224899381399155,-2.5324462112039328,-7.314431941136718,8.205251361014804,-2.468508837261851,7.337792831326842,2.7183469944662786
2025-01-04 13:50:00,G01,-21198423.873688444,-15090346.45415403,5345786.922371401,-21198426.846,-15090344.044,5345794.3,2.972311556339264,-2.410154029726982,-7.377628598362207,8.311009696199918,-2.487444438152533,7.405807683756574,2.835403831669337
2025-01-04 13:55:00,G01,-21277063.00446331,-15278204.431684837,4418317.008485565,-21277066.23,-15278202.146,4418324.4290000005,3.2255366891622543,-2.285684837028384,-7.420514435507357,8.407881813805801,-2.503179261446209,7.467273507291618,2.943874410923926
2025-01-04 14:00:00,G01,-21332837.9256238,-15441191.175913615,3482390.6753714625,-21332841.406,-15441189.017,3482398.116,3.480376198887825,-2.158913614228368,-7.440628537442535,8.49334324701938,-2.51548271539005,7.52021194052863,3.042308102377899
2025-01-04 14:05:00,G01,-21364596.36322858,-15580097.62751792,2539799.074134977,-21364600.1,-15580095.597,2539806.51,3.736771419644356,-2.0305179208517075,-7.43586502270773,8.566128198054187,-2.5254139320504683,7.562936077620042,3.1309478857268767
2025-01-04 14:10:00,G01,-21371256.96561105,-15695798.16085816,1592346.2170277785,-21371260.958,-15695796.26,1592353.623,3.99238894879818,-1.900858160108328,-7.405972221400589,8.62559306989922,-2.5327836337163534,7.595543910332496,3.208360263200336
2025-01-04 14:15:00,G01,-21351814.41577556,-15789246.119639603,641845.5233652798,-21351818.662,-15789244.35,641852.8740000001,4.246224440634251,-1.769639603793621,-7.350634720292874,8.671440313969162,-2.538886454017202,7.6178716104991135,3.2735248308649214
2025-01-04 14:20:00,G01,-21305344.23187873,-15861469.021860473,-309883.6534646386,-21305348.73,-15861467.384,-309876.383,4.49812126904726,-1.6378604732453823,-7.27046463865554,8.704903097841788,-2.544964312585325,7.630822173017902,3.327017816943722
2025-01-04 14:25:00,G01,-21231007.23481969,-15913563.454992564,-1261019.5111831634,-21231011.982,-15913561.949,-1261012.347,4.747180309146643,-1.505992565304041,-7.16418316331692,8.725208014245522,-2.551966136645004,7.633311968472014,3.3688680771519355
2025-01-04 14:30:00,G01,-21128053.66339861,-15946689.68367299,-2209741.2892422173,-21128058.656,-15946688.308999998,-2209734.256,4.99260139092803,-1.374672992154956,-7.0332422172650695,8.73397335528203,-2.560771741338069,7.626941750700785,3.3991908141435774
2025-01-04 14:35:00,G01,-20995826.919010576,-15962065.99344084,-3154232.758120212,-20995832.153,-15962064.749,-3154225.878,5.233989425003529,-1.2444408405572176,-6.880120211746544,8.733804007119625,-2.5723067004925344,7.614322023208015,3.4182847746010623
2025-01-04 14:40:00,G01,-20833766.92344263,-15960962.79518653,-4092685.70052372,-20833772.396,-15960961.678,-4092678.995,5.472557373344898,-1.1171865314245224,-6.705523720011115,8.727029180092138,-2.587857498617009,7.596563370437103,3.4287398320614315
2025-01-04 14:45:00,G01,-20641413.075000003,-15944696.516027302,-5023303.377740041,-20641418.783,-15944695.523,-5023296.865,5.707999996840954,-0.993027301505208,-6.512740041129291,8.716831421382416,-2.607955415319954,7.5771072656908,3.430621527466829
2025-01-04 14:50:00,G01,-20418406.789925378,-15914623.303237729,-5944303.974413165,-20418412.732,-15914622.43,-5944297.671999999,5.9420746229588985,-0.8732377290725708,-6.302413165569305,8.705814532014179,-2.634138055475897,7.557253740829942,3.4264324401970563
2025-01-04 14:55:00,G01,-20164493.61785496,-15872132.568681777,-6853924.015057356,-20164499.793,-15872131.81,-6853917.936,6.175145041197538,-0.7586817760020494,-6.079057356342673,8.698445416209045,-2.6659536573629983,7.5418501361561,3.417036768798837
2025-01-04 15:00:00,G01,-19879524.9218989,-15818640.401872996,-7750421.7456794465,-19879531.33,-15818639.751,-7750415.9,6.408101096749306,-0.6508729960769415,-5.84567944612354,8.69823910398036,-2.7027333283390576,7.534337503430139,3.404167218322921
2025-01-04 15:05:00,G01,-19563458.95149416,-15755582.864058036,-8632080.50372462,-19563465.76,-15755582.329,-8632074.869,6.808505840599537,-0.5350580364465714,-5.63472461886704,8.853934741927477,-2.866187361087432,7.625718019635111,3.467788215918815
2025-01-04 15:10:00,G01,-19216362.240787387,-15684409.32916359,-9497211.962449512,-19216369.338,-15684408.846,-9497206.501,7.097212612628937,-0.4831635896116495,-5.461449511349201,8.968350165342681,-2.896619645245476,7.732622064210573,3.499636456985768
2025-01-04 15:15:00,G01,-18838409.11910341,-15606575.45836854,-10344159.31917508,-18838416.495,-15606575.019,-10344154.045,7.375896591693163,-0.4393685404211283,-5.274175079539418,9.07820566055304,-2.919248793142204,7.841538464679912,3.5216585589719576
2025-01-04 15:20:00,G01,-18429882.07720201,-15523536.565583954,-11171300.592363114,-18429889.72,-15523536.164,-11171295.521,7.642797987908125,-0.4015839528292417,-5.071363113820553,9.181086786833143,-2.935539709409365,7.949975632571163,3.5316920368808544
2025-01-04 15:25:00,G01,-17991171.0922523,-15436740.754145648,-11977051.680655591,-17991178.989,-15436740.384,-11977046.828,7.896747700870037,-0.3701456487178802,-4.852655591443181,9.275985033495136,-2.945705786971409,8.056492970537462,3.5298210682567754
2025-01-04 15:30:00,G01,-17522772.604800593,-15347622.155269925,-12759869.40086989,-17522780.742,-15347621.811,-12759864.782,8.137199405580759,-0.3442699238657951,-4.618869889527559,9.363038769707554,-2.950591467140286,8.161014885071106,3.5154432213781424
2025-01-04 15:35:00,G01,-17025288.048241206,-15257594.240817366,-13518254.44741894,-17025296.412,-15257593.917,-13518250.078,8.36375879496336,-0.323817366734147,-4.369418939575553,9.441882266627092,-2.9514262118836574,8.262276375248245,3.488984544486829
2025-01-04 15:40:00,G01,-16499421.936830971,-15168043.239460263,-14250754.267460344,-16499430.513,-15168042.931,-14250750.163,8.576169028878212,-0.3084602635353803,-4.104460343718529,9.512750267889311,-2.94933160347774,8.359794824476774,3.450752272274398
2025-01-04 15:45:00,G01,-15945979.520189509,-15080321.684894102,-14955965.846248586,-15945988.295,-15080321.387,-14955962.022,8.774810491129756,-0.2978941015899181,-3.82424858585,9.576581712562088,-2.945738604347638,8.4536121799705,3.4014676954057674
2025-01-04 15:50:00,G01,-15365864.01408698,-14995742.124158198,-15632538.397347314,-15365872.975,-14995741.834,-15632534.867,8.960913019254804,-0.2901581972837448,-3.530347313731909,9.635637294630556,-2.9426580664959587,8.545589834013983,3.3405334852622595
2025-01-04 15:55:00,G01,-14760073.419147495,-14915571.013425514,-16279175.952549214,-14760082.552,-14915570.727,-16279172.729,9.13285250402987,-0.2864255141466856,-3.223549213260412,9.689288104181374,-2.938915770943292,8.634832223472173,3.268753666096304
2025-01-04 16:00:00,G01,-14129696.940862428,-14841022.827806205,-16894639.846552417,-14129706.235,-14841022.542,-16894636.944000002,9.294137571007012,-0.2858062051236629,-2.902552414685488,9.741020937031594,-2.9386203504205817,8.722743891371895,3.1883755013040997
2025-01-04 16:05:00,G01,-13475911.026022132,-14773254.41077296,-17477751.091651846,-13475920.469,-14773254.123000002,-17477748.521,9.442977868020536,-0.2877729590982198,-2.5706518441438675,9.790857735444533,-2.9397022516899947,8.810345565073064,3.097879418428075
2025-01-04 16:10:00,G01,-12799975.032316452,-14713359.587776303,-18027392.63792168,-12799984.615,-14713359.296,-18027390.411,9.58268354833126,-0.2917763032019138,-2.226921681314707,9.842364430017732,-2.9452746652178843,8.899519010202637,2.9993426124312386
2025-01-04 16:15:00,G01,-12103226.549428863,-14662364.067465289,-18542511.514590804,-12103236.261,-14662363.77,-18542509.64,9.71157113648951,-0.2974652890115976,-1.874590802937746,9.895311526966784,-2.9528547121642,8.991027502537936,2.8912391310954964
2025-01-04 16:20:00,G01,-11387076.391442137,-14621220.652679304,-19022120.848545417,-11387086.224,-14621220.348,-19022119.336,9.832557862624526,-0.3046793043613434,-1.5125454179942608,9.952879846650465,-2.9648257937662734,9.086565854797575,2.7755983536718523
2025-01-04 16:25:00,G01,-10653003.281776682,-14590804.782034043,-19465301.75613224,-10653013.228,-14590804.47,-19465300.614,9.946223318576813,-0.3120340425521135,-1.1421322412788868,10.016445956689491,-2.981223944562066,9.187587415397694,2.6513639659761967
2025-01-04 16:30:00,G01,-9902548.253201395,-14571910.42148707,-19871205.104680903,-9902558.305,-14571910.1,-19871204.339,10.051798604428768,-0.321487070992589,-0.7656809017062187,10.08604364277932,-2.998806562465808,9.294551012200264,2.5192770880886117
2025-01-04 16:35:00,G01,-9137308.786671069,-14565246.323753435,-20239053.140414685,-9137318.938,-14565245.994,-20239052.758,10.15132893063128,-0.3297534342855215,-0.3824146836996078,10.163880035478762,-3.0204579996902137,9.408885594319306,2.377848338461008
2025-01-04 16:40:00,G01,-8358932.713863132,-14571432.67184601,-20568140.97967436,-8358942.958,-14571432.333,-20568140.984,10.244136868044734,-0.3388460092246532,0.0043256394565105,10.249740265019282,-3.0418803138523525,9.531205827992732,2.2271630207491406
2025-01-04 16:45:00,G01,-7569111.909290432,-14590998.121354738,-20857837.96064031,-7569122.239999999,-14590997.774,-20857838.356,10.330709567293525,-0.3473547380417585,0.3953596875071525,10.344105798004763,-3.064147934146797,9.661265703839415,2.0667528148755245
2025-01-04 16:50:00,G01,-6769575.798768393,-14624377.254350638,-21107588.85300207,-6769586.21,-14624376.9,-21107589.643,10.411231607198715,-0.3543506376445293,0.7899979278445244,10.447172090050556,-3.086760331756208,9.799058763798634,1.8957222046093145
2025-01-04 16:55:00,G01,-5962084.711793948,-14671908.45602223,-21316914.92329264,-5962095.197,-14671908.096,-21316916.109,10.48520605172962,-0.3600222300738096,1.1857073605060575,10.558175216301962,-3.106911251947491,9.944228064733784,1.7130366508677124
2025-01-04 17:00:00,G01,-5148423.106062193,-14733832.223322412,-21485414.85387581,-5148433.657,-14733831.858,-21485416.436,10.550937806256115,-0.3653224129229784,1.5821241922676563,10.675151802978124,-3.122877887493405,10.094430880912782,1.5195278565745851
2025-01-04 17:05:00,G01,-4330392.634875742,-14810290.02264655,-21612765.63251957,-4330403.301,-14810289.546,-21612767.494,10.666124258190392,-0.4766465499997139,1.8614804297685623,10.837827642807186,-2.988469076612408,10.33162026657515,1.3361075033920646
2025-01-04 17:10:00,G01,-3509805.5392304827,-14901323.04495284,-21698722.7109844,-3509816.148,-14901322.567,-21698724.957,10.60876951739192,-0.4779528398066759,2.246015597134829,10.854446814683657,-2.969174421489683,10.380769742916156,1.1147369430157208
2025-01-04 17:15:00,G01,-2688477.002791954,-15006872.496094394,-21743121.148555644,-2688487.541,-15006872.028,-21743123.781,10.538208045996726,-0.4680943936109543,2.632444355636835,10.872106717079465,-2.957752759043916,10.42444493779268,0.8862002160127346
2025-01-04 17:20:00,G01,-1868218.693473336,-15126779.266922306,-21745875.498880543,-1868229.151,-15126778.817,-21745878.52,10.457526664016768,-0.4499223064631223,3.0211194567382336,10.894469091348926,-2.9533681645247007,10.466078613544996,0.6544247261719172
2025-01-04 17:25:00,G01,-1050831.6310827085,-15260784.576195829,-21706980.080050603,-1050842.0,-15260784.155,-21706983.491,10.3689172915183,-0.4211958292871713,3.4109493978321552,10.923663649139316,-2.956451646714682,10.507668444409434,0.4180012470411367
2025-01-04 17:30:00,G01,-238099.2591861803,-15408530.959777877,-21626508.988796,-238109.535,-15408530.575,-21626512.791,10.275813819695031,-0.3847778774797916,3.8022040016949177,10.963446490157102,-2.9653677892648607,10.55326681991,0.1797560700370999
2025-01-04 17:35:00,G01,568219.4050605986,-15569563.703315116,-21504615.962038223,568209.2259999999,-15569563.363,-21504620.155,10.179060598718934,-0.3403151165693998,4.192961778491736,11.014082691120969,-2.9781519478413885,10.603625717958758,-0.0612383528734667
2025-01-04 17:40:00,G01,1366396.5140310973,-15743332.712315757,-21341534.086028688,1366386.433,-15743332.424,-21341538.67,10.081031097332016,-0.2883157562464475,4.583971314132214,11.078046171119803,-2.9943380104876307,10.661352619779748,-0.3043142538998116
2025-01-04 17:45:00,G01,2154741.99707482,-15929194.811646547,-21137575.35358479,2154732.014,-15929194.582,-21137580.328,9.983074820134789,-0.2296465467661619,4.974415212869644,11.156134057588222,-3.0117687802930178,10.727846005877252,-0.549450633920475
2025-01-04 17:50:00,G01,2931610.004246596,-16126416.464611651,-20893130.070218258,2931600.12,-16126416.299,-20893135.435,9.884246595669538,-0.1656116507947445,5.364781741052866,11.247517108767518,-3.029151657744979,10.80273007811915,-0.7949240251109919
2025-01-04 17:55:00,G01,3695405.158970489,-16334176.899959536,-20608666.11023311,3695395.373,-16334176.805,-20608671.864,9.78597048902884,-0.0949595365673303,5.753766890615225,11.3525358029503,-3.045105237543821,10.886692223553752,-1.0427538919447326
2025-01-04 18:00:00,G01,4444588.59311034,-16551571.633395473,-20284728.0241524,4444578.906,-16551571.614,-20284734.166,9.687110339291394,-0.0193954724818468,6.141847599297762,11.470081727823857,-3.058141516481013,10.979272124567244,-1.29078616464331
2025-01-04 18:05:00,G01,5177683.738841447,-16777616.368467163,-19921935.99911291,5177674.152,-16777616.430999998,-19921942.527,9.586841447278855,0.0625328347086906,6.527887087315321,11.598480465794584,-3.067560934872985,11.078953257140636,-1.5400044650430753
2025-01-04 18:10:00,G01,5893281.852763549,-17011251.260042768,-19520984.674145576,5893272.367,-17011251.41,-19520991.585,9.485763549804688,0.1499572321772575,6.910854425281286,11.737210323655082,-3.071160577262613,11.185948955383548,-1.7901466023588783
2025-01-04 18:15:00,G01,6590047.248835295,-17251345.522025403,-19082641.81253548,6590037.867,-17251345.766,-19082649.103,9.381835295818746,0.2439745962619781,7.290464520454407,11.883990493327405,-3.069201054016636,11.298024609684116,-2.0405574862010925
2025-01-04 18:20:00,G01,7266722.217956323,-17496702.359450556,-18607746.833728656,7266712.945,-17496702.705,-18607754.498,9.2729563228786,0.3455494418740272,7.664271343499422,12.03528888766614,-3.060658186304607,11.41190817913991,-2.2910481852344997
2025-01-04 18:25:00,G01,7922131.613367188,-17746064.203698393,-18097209.20752357,7922122.454,-17746064.658,-18097217.241,9.15936718787998,0.4543016068637371,8.033476430922747,12.191683263544975,-3.045852920914778,11.528597194147444,-2.539954235385597
2025-01-04 18:30:00,G01,8555187.082465691,-17998118.228231095,-17552006.713551477,8555178.045,-17998118.8,-17552015.107,9.037465691566467,0.571768905967474,8.393448524177074,12.34717311517428,-3.0236846503656447,11.642299846659416,-2.786910359466182
2025-01-04 18:35:00,G01,9164890.927153751,-18251502.1210397,-16973183.56931276,9164882.019,-18251502.82,-16973192.315,8.90815375186503,0.6989603005349636,8.745687242597342,12.503231346892724,-2.9958663573720927,11.754485902711163,-3.031112014698797
2025-01-04 18:40:00,G01,9750339.576425895,-18504810.088859204,-16361848.43029392,9750330.808,-18504810.927,-16361857.517,8.768425894901156,0.8381407968699932,9.086706081405282,12.65527558291793,-2.963200129619981,11.860439544484716,-3.271913642357031
2025-01-04 18:45:00,G01,10310726.656572128,-18756599.06719476,-15719172.265942644,10310718.04,-18756600.056,-15719181.68,8.616572128608823,0.9888052418828012,9.414057355374098,12.800294017879684,-2.9253377913130825,11.957912797119292,-3.506885696365457
2025-01-04 18:50:00,G01,10845345.646096572,-19005395.109297216,-15046386.115525208,10845337.194,-19005396.263,-15046395.843,8.45209657214582,1.1537027843296528,9.727474791929126,12.938034333200145,-2.8853823842735755,12.046243919945304,-3.735680436650092
2025-01-04 18:55:00,G01,11353592.10424425,-19249699.92643343,-14344778.728130603,11353583.83,-19249701.258,-14344788.751,8.27424425072968,1.331566572189331,10.022869396954777,13.064995155196874,-2.8417502289750094,12.122964609032532,-3.956296643274237
2025-01-04 19:00:00,G01,11834965.463856049,-19487997.55113088,-13615694.091319356,11834957.383,-19487999.077,-13615704.39,8.08085604943335,1.525869119912386,10.298680644482374,13.179200813395388,-2.7987110733171114,12.18555354780537,-4.167833386960401
2025-01-04 19:05:00,G01,12289070.191025097,-19718761.04508759,-12860528.955463698,12289062.51,-19718762.83,-12860539.406,7.68102509714663,1.784912407398224,10.450536301359534,13.09189702950317,-2.831826116191815,12.043465858437973,-4.281758843677073
2025-01-04 19:10:00,G01,12715617.3720445,-19940459.524854165,-12080729.81146046,12715609.991,-19940461.53,-12080740.425,7.381044499576092,2.005145836621523,10.6135395411402,13.082341125432771,-2.799622876646776,11.99035067917034,-4.420548796389992
2025-01-04 19:15:00,G01,13114424.257482138,-20151564.7134034,-11277790.52972955,13114417.181,-20151566.947,-11277801.279,7.0764821376651525,2.2335966005921364,10.749270448461177,13.061866956642586,-2.765195086370026,11.928814325893466,-4.546367044762809
2025-01-04 19:20:00,G01,13485414.773981854,-20350558.001469795,-10453249.276995309,13485408.005,-20350560.47,-10453260.136,6.768981853500009,2.4685302041471004,10.859004691243172,13.031912353382376,-2.728681622830593,11.861085787040912,-4.658291547329647
2025-01-04 19:25:00,G01,13828618.95891471,-20535937.23864259,-9608685.603915311,13828612.497,-20535939.951,-9608696.548,6.461914710700512,2.7123574130237103,10.94408468902111,12.995622884064414,-2.6923022145035183,11.789175654659491,-4.759523118357767
2025-01-04 19:30:00,G01,14144172.0514059,-20706223.51781982,-8745717.412209548,14144165.893,-20706226.482,-8745728.42,6.158405900001526,2.964180178940296,11.007790451869369,12.956997259961993,-2.656236736795126,11.717332324479989,-4.851010986429427
2025-01-04 19:35:00,G01,14432313.136603355,-20859967.87617699,-7865997.847731086,14432307.278,-20859971.1,-7866008.899999999,5.858603354543448,3.2238230109214783,11.052268913015723,12.917775203076896,-2.621962902825115,11.64760286744674,-4.932299076058111
2025-01-04 19:40:00,G01,14693383.349390073,-20995757.883525606,-6971212.125512686,14693377.783,-20995761.375,-6971223.205,5.566390072926879,3.491474393755197,11.07948731444776,12.881386999746416,-2.5888718309947247,11.582958102522332,-5.006291569128807
2025-01-04 19:45:00,G01,14927823.645645918,-21112224.08941807,-6063074.292965394,14927818.363,-21112227.859,-6063085.385000001,5.282645918428898,3.769581932574511,11.09203460626304,12.851043831238869,-2.559600411998773,11.525738659483002,-5.07495040730619
2025-01-04 19:50:00,G01,15136172.15103731,-21208046.30095886,-5143323.937535279,15136167.142,-21208050.357,-5143335.029,5.009037308394909,4.056041140109301,11.091464720666409,12.828192161678077,-2.532181272692536,11.478137791033976,-5.138377661208025
2025-01-04 19:55:00,G01,15319061.099140843,-21281959.664010465,-4213722.845239959,15319056.353,-21281964.018,-4213733.926,4.746140843257308,4.3539895340800285,11.08076004125178,12.816642339502016,-2.509424875004436,11.442956834223796,-5.19883126726725
2025-01-04 20:00:00,G01,15477213.372487754,-21332760.52132707,-3276051.616609213,15477208.878,-21332765.184,-3276062.678,4.494487753137946,4.662672929465771,11.061390786897393,12.817773018381097,-2.490462326650876,11.42203998160088,-5.256415623690936
2025-01-04 20:05:00,G01,15611438.661828885,-21359312.02211626,-2332106.246641884,15611434.406,-21359317.004,-2332117.281,4.255828885361552,4.981883741915226,11.03435811586678,12.833094098799092,-2.473875633035551,11.416872976085784,-5.312556347826074
2025-01-04 20:10:00,G01,15722629.260577312,-21360549.45859979,-1383694.6754649722,15722625.23,-21360554.773,-1383705.676,4.030577311292291,5.31440020725131,11.00053502782248,12.864687089995089,-2.461252061709711,11.428586244820428,-5.3693415477987
2025-01-04 20:15:00,G01,15811755.512959432,-21335485.306329127,-432633.3164396603,15811751.694,-21335490.964,-432644.276,3.81895943172276,5.657670874148607,10.959560339688323,12.911454360396544,-2.449841980925302,11.457182949270122,-5.425577097051792
2025-01-04 20:20:00,G01,15879860.935902998,-21283213.946293417,519256.4314968999,15879857.316,-21283219.959,519245.519,3.619902998209,6.012706581503153,10.912496899953112,12.97454919229104,-2.440542394420821,11.504005634529182,-5.480924550195489
2025-01-04 20:25:00,G01,15928057.036097674,-21202916.048238736,1470151.680436625,15928053.601,-21202922.428000003,1470140.823,3.435097673907876,6.379761267453432,10.857436624821275,13.053167428674035,-2.431982425916603,11.567737434944648,-5.536974989758383
2025-01-04 20:30:00,G01,15957517.84498066,-21093862.596083604,2418231.552220969,15957514.581,-21093869.353,2418220.758,3.263980660587549,6.756916396319866,10.794220969080923,13.146280662943878,-2.4224897723651693,11.64843381680793,-5.591978915117943
2025-01-04 20:35:00,G01,15969474.195608713,-20955418.537872408,3361680.6724470807,15969471.09,-20955425.681,3361669.951,3.1056087128818035,7.143127594143152,10.721447080839424,13.252113220576442,-2.411499497023624,11.744934542859315,-5.644438640890852
2025-01-04 20:40:00,G01,15965207.766491937,-20787046.04433229,4298692.652946647,15965204.807,-20787053.582,4298682.016,2.95949193648994,7.537667710334063,10.636946647427976,13.368607295219311,-2.3987425365477844,11.855400125181776,-5.693433334025013
2025-01-04 20:45:00,G01,15946044.91845961,-20588307.36179908,5227473.555955814,15946042.093,-20588315.299,5227463.018999999,2.82545960880816,7.937200918793678,10.536955814808609,13.491101447603697,-2.3823421953530053,11.975888543839496,-5.736929276129263
2025-01-04 20:50:00,G01,15913350.35151347,-20358867.24703425,6146245.333241531,15913347.649,-20358875.586,6146234.914,2.7025134693831205,8.338965747505426,10.419241530820727,13.616259503543748,-2.3616005099076443,12.103875197951666,-5.77248396202708
2025-01-04 20:55:00,G01,15868520.609387835,-20098494.97326786,7053249.233510364,15868518.02,-20098503.713,7053238.952,2.589387835934758,8.739732138812542,10.28151036426425,13.74035307383158,-2.336015616676568,12.236498895353378,-5.79727767285747
2025-01-04 21:00:00,G01,15812977.460182903,-19807065.8986556,7946749.171501905,15812974.974,-19807075.035,7946739.053,2.48618290387094,9.136344399303198,10.118501904420556,13.857776704938692,-2.30562578134549,12.367836278810996,-5.81022295104612
2025-01-04 21:05:00,G01,15748161.054797608,-19484562.934544843,8825034.689984554,15748158.792,-19484572.114,8825025.124,2.262797608971596,9.179455157369375,9.565984554588796,13.449561721630715,-2.213803337363964,12.042684250540752,-5.564489314322396
2025-01-04 21:10:00,G01,15675523.602091448,-19131075.91033483,9686425.58458299,15675521.483,-19131085.396,9686416.338,2.119091449305415,9.485665172338486,9.246582990512252,13.415203663480668,-2.209421508075214,12.04161755049089,-5.485033518587598
2025-01-04 21:15:00,G01,15596521.958118904,-18746803.643578265,10529273.259937732,15596519.97,-18746813.431,10529264.345,1.9881189037114384,9.787421736866236,8.914937730878592,13.387395406725656,-2.206410131626848,12.049945916926546,-5.3993438032985885
2025-01-04 21:20:00,G01,15512611.136919256,-18332052.558096807,11351964.99910156,15512609.265,-18332062.642,11351956.426,1.871919255703688,10.083903193473816,8.573101559653878,13.36739524617139,-2.20230271374887,12.06880170405936,-5.3085915130544485
2025-01-04 21:25:00,G01,15425237.443062533,-17887236.266512368,12152926.797336737,15425235.675,-17887246.641999997,12152918.577,1.7680625319480896,10.375487629324198,8.22033673711121,13.35480156103558,-2.1991256725503088,12.09771783717403,-5.211505938122862
2025-01-04 21:30:00,G01,15335831.724552264,-17412874.43578508,12930626.368623313,15335830.045999998,-17412885.097,12930618.509,1.6785522662103176,10.661214917898178,7.859623312950134,13.351131781893388,-2.1936737167130627,12.138401560439146,-5.108788803582947
2025-01-04 21:35:00,G01,15245802.707734236,-16909591.2074891,13683576.07091715,15245801.106,-16909602.147,13683568.58,1.601734235882759,10.93951090052724,7.490917149931192,13.354860203397356,-2.18574375443828,12.18975610069642,-4.998465914433641
2025-01-04 21:40:00,G01,15156530.443142302,-16378113.179469496,14410335.744630933,15156528.905,-16378124.39,14410328.63,1.5381423030048609,11.210530504584312,7.114630931988359,13.366370084541057,-2.174801478672201,12.251713147583605,-4.881148708511793
2025-01-04 21:45:00,G01,15069359.890713412,-15819266.95740112,15109515.458995145,15069358.405,-15819278.429,15109508.728,1.4857134129852057,11.471598880365493,6.730995144695044,13.383244033321487,-2.160148935834055,12.32253447551825,-4.753958511610543
2025-01-04 21:50:00,G01,14985594.672180137,-15233976.28660953,15779778.161148865,14985593.228,-15233988.01,15779771.823,1.4441801365464926,11.723390469327567,6.338148863986135,13.40506140922766,-2.1434140891813014,12.400664109302136,-4.617897473496953
2025-01-04 21:55:00,G01,14906491.017703751,-14623258.776309308,16419842.223011848,14906489.605,-14623270.74,16419836.285000002,1.412703750655055,11.963690692558885,5.938011845573783,13.430771070661187,-2.122734377518334,12.48557615597784,-4.471017598745162
2025-01-04 22:00:00,G01,14833251.932956262,-13988222.230149722,17028483.881198626,14833250.544,-13988234.421,17028478.351999998,1.3889562617987394,12.190850278362632,5.529198627918959,13.458011274836451,-2.099501022891753,12.57456958933664,-4.311654273180039
2025-01-04 22:05:00,G01,14767021.611885544,-13330060.598637346,17604539.56545251,14767020.239,-13330073.001999998,17604534.454,1.3728855438530445,12.403362652286887,5.111452508717775,13.485368610073037,-2.0734233132983477,12.665577225023958,-4.139956022757781
2025-01-04 22:10:00,G01,14708880.119322412,-12650049.570610505,18146908.11130048,14708878.757,-12650062.171,18146903.428000003,1.36232241243124,12.600389495491982,4.683300476521254,13.511441120284,-2.04670094479876,12.75638951260242,-3.9553233739137097
2025-01-04 22:15:00,G01,14659838.3664085,-11949541.822472576,18654552.85285983,14659837.01,-11949554.602,18654548.608000003,1.3564085010439155,12.779527423903346,4.244859825819731,13.534215904176357,-2.019166389046612,12.844476051278164,-3.7573131626664233
2025-01-04 22:20:00,G01,14620833.40054528,-11229961.945342775,19126503.59196296,14620832.047,-11229974.887,19126499.796,1.353545280173421,12.941657224670053,3.79596295952797,13.554626934609548,-1.9928801537643197,12.929781424038667,-3.546419653081052
2025-01-04 22:25:00,G01,14592724.03019908,-10492801.071641997,19561858.44000646,14592722.678,-10492814.155,19561855.104,1.3521990813314917,13.083358002826571,3.336006462574005,13.569511343597284,-1.9683793314164808,13.008466940553063,-3.322184336879228
2025-01-04 22:30:00,G01,14576286.803440737,-9739611.223904155,19959785.52917593,14576285.452,-9739624.428,19959782.664,1.3514407370239496,13.204095844179392,2.8651759289205074,13.57879862990938,-1.946728801023371,13.07948789646066,-3.0856142943073577
2025-01-04 22:35:00,G01,14572212.3575672,-8971999.40977168,20319524.589946724,14572211.008,-8972012.713,20319522.207,1.3495672009885311,13.303228318691254,2.382946725934744,13.582181357493946,-1.9299500531336555,13.141497123857626,-2.837604018165199
2025-01-04 22:40:00,G01,14581100.781816391,-8191630.464537539,20640385.419059712,14581100.811,-8191634.868,20640386.502,-0.0291836094111204,4.403462461195886,-1.08294028788805,4.5347649329762,-2.2152388290390723,3.723842102090571,-1.3378377802879995
2025-01-04 22:45:00,G01,14603464.277641056,-7400184.867070662,20921761.427478835,14603464.286,-7400189.267,20921762.659,-0.0083589442074298,4.399929338134825,-1.2315211668610573,4.569036270041489,-2.200117213077152,3.7941346392055375,-1.2806713181987592
2025-01-04 22:50:00,G01,14639716.387860963,-6599405.902119747,21163111.913071733,14639716.374,-6599410.284,21163113.289,0.0138609632849693,4.381880252622068,-1.3759282678365707,4.592847185880907,-2.1769890647472963,3.856569355604488,-1.2173071470410637
2025-01-04 22:55:00,G01,14690175.539504051,-5791057.287044718,21363976.00458754,14690175.504,-5791061.637,21363977.521,0.035504050552845,4.349955282174051,-1.5164124630391598,4.6068295228475815,-2.1480729087893806,3.910421722460335,-1.1477207777223313
2025-01-04 23:00:00,G01,14755062.054283548,-4976925.299219493,21523970.21965159,14755062.0,-4976929.602999999,21523971.872,0.0542835481464862,4.303780506365001,-1.6523484103381634,4.610393542824062,-2.1148584887587454,3.954197475129686,-1.0711790326163502
2025-01-04 23:05:00,G01,14834496.994966673,-4158811.903419045,21642789.18914438,14834496.924,-4158816.147,21642790.973,0.0709666721522808,4.243580955080688,-1.7838556207716465,4.603819769130682,-2.077938077081244,3.987113160323848,-0.9900800276880518
2025-01-04 23:10:00,G01,14928501.45615468,-3338527.8167747497,21720206.23337971,14928501.372,-3338531.9880000004,21720208.146,0.0841546803712844,4.171225250698626,-1.9126202911138528,4.589588051260663,-2.040622171887357,4.009925636670692,-0.9059117066511052
2025-01-04 23:15:00,G01,15036996.302559717,-2517885.540622171,21756073.789068595,15036996.211,-2517889.626,21756075.825,0.0915597174316644,4.085377829149365,-2.0359314046800137,4.565491416411128,-2.002659945360135,4.02063110233403,-0.8170621491160024
2025-01-04 23:20:00,G01,15159802.355943542,-1698692.388699879,21750323.686323334,15159802.264,-1698696.378,21750325.843,0.0919435415416956,3.989300121087581,-2.1566766649484634,4.535881756403472,-1.9683087934409584,4.021622039939169,-0.7256307391589433
2025-01-04 23:25:00,G01,15296641.0299604,-882743.5411612925,21702967.275224093,15296640.944,-882747.424,21702969.549,0.0859603993594646,3.882838707533665,-2.2737759053707123,4.500431366749652,-1.937030291734011,4.012599668795182,-0.6331192886919418
2025-01-04 23:30:00,G01,15447135.410224743,-71815.15375028411,21614095.40173878,15447135.338,-71818.921,21614097.79,0.0722247436642646,3.767249715892831,-2.388261217623949,4.461073691287627,-1.911229030356344,3.9945520456007504,-0.5403110470910396
2025-01-04 23:35:00,G01,15610811.775016438,732342.4487504447,21483878.23305558,15610811.725,732338.803,21483880.734,0.0500164385885,3.645750444731675,-2.500944420695305,4.421393552353971,-1.892565580750412,3.9707085185875406,-0.4476497825001702
2025-01-04 23:40:00,G01,15787101.495223552,1528011.4074367182,21312564.85881439,15787101.531,1528007.948,21312567.543,-0.0357764475047588,3.45943671814166,-2.6841856129467487,4.378793756935021,-1.975613135989822,3.8900656425752183,-0.3717213998863025
2025-01-04 23:45:00,G01,15975343.641759695,2313513.115713957,21100483.11154025,15975343.709,2313509.788,21100485.904,-0.0672403052449226,3.327713957056403,-2.79245974868536,4.344655669516897,-1.9685382282045572,3.862284132595281,-0.2892255346011105
2025-01-04 23:50:00,G01,16174787.43365444,3087214.2529344764,20848038.50536665,16174787.54,3087211.058,20848041.401,-0.1063455585390329,3.194934476166964,-2.895633351057768,4.313190024631338,-1.965797229991404,3.833628605359979,-0.206255073399709
2025-01-04 23:55:00,G01,16384595.673607484,3847533.203230472,20555713.75086896,16384595.824,3847530.141,20555716.743,-0.1503925155848264,3.0622304719872773,-2.9921310395002365,4.28400764820187,-1.9643861544956551,3.80506955084708,-0.1239123847494574
2025-01-05 00:00:00,G01,16603848.278952025,4592945.963503263,20224067.76836176,16603848.481,4592943.031,20224070.854,-0.2020479757338762,2.9325032625347376,-3.085638239979744,4.2616384310849655,-1.9682490770313277,3.779666341546318,-0.0409882257182538
2025-01-05 00:05:00,G01,16831546.246393204,5321991.861596537,19853734.62594292,16831546.525000002,5321989.05,19853737.802,-0.2786067984998226,2.8115965370088816,-3.176057081669569,4.250886427689415,-1.9867910550067005,3.7575683663155495,0.0581093565972024
2025-01-05 00:10:00,G01,17066615.974426188,6033279.003155431,19445422.334846526,17066616.318,6033276.316000001,19445425.595,-0.3435738123953342,2.6871554302051663,-3.260153472423553,4.238802653391678,-1.9967169797564148,3.736344298986989,0.1424798813172376
2025-01-05 00:15:00,G01,17307913.924916387,6725489.424196982,18999911.504287053,17307914.338,6725486.857,18999914.845,-0.4130836129188537,2.5671969819813967,-3.340712945908308,4.233379430492364,-2.00842044574497,3.719731574728871,0.2265959567037783
2025-01-05 00:20:00,G01,17554231.603859734,7397383.927664719,18518053.85823529,17554232.093,7397381.473999999,18518057.276,-0.4891402646899223,2.4536647191271186,-3.417764712125063,4.23566339312715,-2.022310046270645,3.708500632111094,0.3132563140015563
2025-01-05 00:25:00,G01,17804300.83996067,8047806.583580785,18000770.61682235,17804301.41,8047804.237000001,18000774.109,-0.5700393319129944,2.346580784767866,-3.492177650332451,4.2457850818018406,-2.03737322263967,3.703343393388359,0.4013091366623857
2025-01-05 00:30:00,G01,18056799.338374507,8675688.873837244,17449050.74532031,18056799.993,8675686.627999999,17449054.31,-0.6546254940330982,2.2458372451364994,-3.564679689705372,4.263714432191533,-2.052822682653207,3.704733067594531,0.4900333567569324
2025-01-05 00:35:00,G01,18310356.485765822,9280053.464177985,16863949.07389667,18310357.23,9280051.312,16863952.708,-0.7442341782152653,2.152177983894944,-3.634103331714869,4.288643330001571,-2.0680225267742625,3.711795833795328,0.5816494897623656
2025-01-05 00:40:00,G01,18563559.38173936,9860017.58750623,16246584.291585546,18563560.217,9860015.524,16246587.992,-0.8352606408298016,2.063506230711937,-3.700414454564452,4.318423953001364,-2.080755104546719,3.723804864091959,0.6726967867648563
2025-01-05 00:45:00,G01,18814959.07071084,10414796.024307769,15598136.818158338,18814960.001,10414794.045,15598140.581,-0.9302891567349434,1.97930776886642,-3.76284166239202,4.352249365014225,-2.092215796028667,3.7389230317623614,0.7649589274410715
2025-01-05 00:50:00,G01,19063076.9474054,10943703.667694371,14919846.557812864,19063077.974,10943701.769,14919850.379,-1.0265945978462696,1.898694371804595,-3.821187136694789,4.388668125922865,-2.100513819646304,3.757025451940179,0.8561596617687017
2025-01-05 00:55:00,G01,19306411.30840573,11446157.662343424,14213010.538830156,19306412.433,11446155.841,14213014.414,-1.1245942674577236,1.8213434237986803,-3.8751698452979326,4.427069624900864,-2.1057731586032906,3.777425866221075,0.9464241614782268
2025-01-05 01:00:00,G01,19543444.02152355,11921679.108427444,13478980.443572257,19543445.244,11921677.364,13478984.366,-1.2224764488637447,1.7444274444133043,-3.9224277436733246,4.463509289918309,-2.106644262904892,3.797060316752932,1.033101196251891
2025-01-05 01:05:00,G01,19772647.3446778,12369894.12580217,12719160.272431783,19772648.606,12369892.657,12719163.995,-1.261322200298309,1.4688021708279848,-3.722568215802312,4.195929888748855,-2.0371467051209096,3.5325940597679253,0.9882510521134634
2025-01-05 01:10:00,G01,19992490.49264677,12790535.439260377,11935002.728715893,19992491.864,12790534.07,11935006.465,-1.371353231370449,1.3692603763192892,-3.736284106969834,4.208955047436784,-2.0513504694155897,3.520520398162456,1.0550829204825982
2025-01-05 01:15:00,G01,20201446.87343361,13183441.627612568,11128007.821763285,20201448.359,13183440.352,11128011.572,-1.4855663925409317,1.2756125684827566,-3.750236716121435,4.23064656506113,-2.0675680358126023,3.516289271326201,1.1221597640736412
2025-01-05 01:20:00,G01,20398000.676332302,13548557.746592784,10299719.120566208,20398002.281,13548556.558,10299722.884,-1.6046676971018314,1.1885927841067314,-3.763433791697025,4.260416074638688,-2.0850580225628814,3.5192499824287933,1.1910322131499391
2025-01-05 01:25:00,G01,20580653.758441493,13885934.621715404,9451721.021283146,20580655.486,13885933.515,9451724.797,-1.727558508515358,1.106715403497219,-3.775716854259372,4.297128709757262,-2.1032493111887893,3.528965296978284,1.2601830882562115
2025-01-05 01:30:00,G01,20747932.40737994,14195727.860955665,8585635.722789021,20747934.262,14195726.831,8585639.508,-1.8546200580894947,1.0299556646496058,-3.785210978239775,4.339152726143504,-2.1214623256533143,3.543711860959793,1.330319596234346
2025-01-05 01:35:00,G01,20898394.01645115,14478196.423344826,7703120.128843541,20898396.002,14478195.465,7703123.919,-1.985548850148916,0.9583448264747858,-3.790156458504498,4.384759403057599,-2.138743745744472,3.5619309865532176,1.4016197272345168
2025-01-05 01:40:00,G01,21030633.64332544,14733700.749885786,6805862.682762562,21030635.762,14733699.86,6805866.473,-2.1186745576560497,0.8898857869207859,-3.7902374379336834,4.432446100172768,-2.154790604057036,3.5830185480981536,1.471541357756856
2025-01-05 01:45:00,G01,21143290.42378971,14962700.46507988,5895580.1406228775,21143292.677,14962699.641,5895583.924,-2.2532102912664413,0.8240798786282539,-3.78337712213397,4.4799561059585935,-2.168863662559155,3.605022595774642,1.5394314562527356
2025-01-05 01:50:00,G01,21235053.812721446,15165751.659208246,4974014.289163786,21235056.201,15165750.897,4974018.057999999,-2.388278555124998,0.7622082456946373,-3.76883621327579,4.526473491491345,-2.179683424882646,3.627595743514707,1.6057682143135326
2025-01-05 01:55:00,G01,21304669.625170466,15343503.763320245,4042928.614669797,21304672.148,15343503.062,4042932.359,-2.522829532623291,0.701320243999362,-3.744330203160644,4.569083891287246,-2.188109966545176,3.6479356726763688,1.6677133170726577
2025-01-05 02:00:00,G01,21350945.8512782,15496696.030641582,3104104.929227413,21350948.509000003,15496695.389,3104108.6380000003,-2.657721802592277,0.6416415814310312,-3.7087725871242574,4.607622293764977,-2.195226310298198,3.665014151803504,1.7259304492518297
2025-01-05 02:05:00,G01,21372758.2197246,15626153.639815573,2159339.960844355,21372761.009000003,15626153.057,2159343.621,-2.7892754040658474,0.5828155726194382,-3.660155644640328,4.638584979754802,-2.1988921726849284,3.676946694143314,1.7780345428985305
2025-01-05 02:10:00,G01,21369055.4854644,15732783.437027792,1210441.9140013128,21369058.404,15732782.912,1210445.512,-2.9185355976223946,0.5250277910381556,-3.5979986872989684,4.662520645504598,-2.2008122557260723,3.683168517785931,1.824772274666929
2025-01-05 02:15:00,G01,21338864.41869228,15817569.33562686,259227.00727478912,21338867.462,15817568.869,259230.529,-3.0433077216148376,0.4666268583387136,-3.521725210885052,4.677821178107059,-2.2012601265884766,3.682871629344469,1.8635775785322748
2025-01-05 02:20:00,G01,21281294.473254822,15881567.393337416,-692484.0052763381,21281297.637,15881566.985,-692480.574,-3.1637451760470867,0.4083374161273241,-3.431276338058524,4.685048590195311,-2.2010801449586483,3.676016441912272,1.8952122854051257
2025-01-05 02:25:00,G01,21195542.114102617,15925900.588558052,-1642869.322228003,21195545.393,15925900.239,-1642865.9970000002,-3.278897382318973,0.3495580516755581,-3.325228002853692,4.68300119007371,-2.201123386800718,3.661043242968325,1.918936777339652
2025-01-05 02:30:00,G01,21080894.784838445,15951753.318540698,-2590109.585653996,21080898.172,15951753.028,-2590106.382,-3.3871615529060364,0.2905406970530748,-3.2036539958789945,4.671260665756126,-2.2012899804534234,3.63779904854236,1.9342742080222308
2025-01-05 02:35:00,G01,20936734.497965805,15960365.643453166,-3532391.367966189,20936737.988,15960365.412,-3532388.3000000003,-3.490034196525812,0.2314531654119491,-3.0679661887697875,4.652561208209237,-2.2038194486912466,3.6078030533285697,1.9424888061702328
2025-01-05 02:40:00,G01,20762541.032065004,15953027.301427197,-4467910.647966667,20762544.618,15953027.13,-4467907.728999999,-3.5859349966049194,0.1714271958917379,-2.918966667726636,4.626951857396657,-2.209038624234055,3.5715825973510578,1.9423258216909831
2025-01-05 02:45:00,G01,20557894.72181644,15931071.520686764,-5394876.269365544,20557898.397,15931071.408,-5394873.512,-3.675183560699225,0.1126867644488811,-2.7573655443266034,4.595947917106474,-2.216834761844407,3.5297988536925096,1.9362078782777012
2025-01-05 02:50:00,G01,20322478.828545485,15895868.655729525,-6311513.375050791,20322482.588,15895868.602,-6311510.79,-3.759454514831305,0.0537295248359441,-2.5850507905706763,4.562770287967021,-2.2299807992194305,3.484708310077345,1.9242833288123715
2025-01-05 02:55:00,G01,20056081.48077105,15848819.67529536,-7216066.81044415,20056085.319,15848819.678,-7216064.407,-3.8382289484143257,-0.0027046389877796,-2.4034441504627466,4.52863694282412,-2.246850893787164,3.4375129994526707,1.9088525347949516